series,frac,rule,n,days,pnl,lo,hi,p,p_boot,cost,train_pnl,train_p,test_pnl,test_lo,test_hi,test_p,fdr_sig,replicates,title,category
KXAAAGASD,0.5,buy_no_all,177,59,0.00693794350282486,-0.05166586073446327,0.06326452161016945,0.5112909580040684,0.44533333333333336,0.5451977401129944,-0.01948754444444444,0.6913333333333334,0.03427465517241379,-0.05262613764367817,0.1307442491379309,0.47600798473616823,False,False,US gas price up,Economics
KXAAAGASD,0.5,buy_yes_all,177,59,-0.04317262146892656,-0.09828606271186442,0.01610139364406778,0.9133333333333333,0.9133333333333333,0.4767231638418079,-0.011829077777777787,0.61,-0.07559697701149426,-0.1716216172413793,0.00897880718390805,0.954,False,False,US gas price up,Economics
KXAAAGASD,0.5,longshot_no_lt10,59,43,0.006152440677966113,-0.02987177086700335,0.027246706779661026,0.7382439897298974,0.25333333333333335,0.9752542372881355,-0.008362324324324317,0.6326666666666667,0.030563636363636383,0.020137082384615396,0.042971100000000026,0.5375094725804462,False,False,US gas price up,Economics
KXAAAGASD,0.8,buy_no_all,176,59,0.011005323863636361,-0.036374462943349756,0.05722624483098998,0.5057877754100769,0.3526666666666667,0.5451704545454545,0.004447566666666662,0.44266666666666665,0.017868093023255815,-0.04688642454022989,0.08853937616279066,0.5733478337627999,False,False,US gas price up,Economics
KXAAAGASD,0.8,buy_yes_all,176,59,-0.04390824431818181,-0.08979173536931818,0.004230849631961224,0.9653333333333334,0.9653333333333334,0.47505681818181816,-0.03597871111111111,0.8706666666666667,-0.052206593023255816,-0.12555188970588235,0.014660544437602618,0.9413333333333334,False,False,US gas price up,Economics
KXAAAGASD,0.8,longshot_no_lt10,58,43,0.004971413793103458,-0.036266422719435726,0.02710971833333334,0.7524549465819326,0.26866666666666666,0.9762068965517241,-0.008040828571428562,0.6313333333333333,0.024772652173913053,0.014003491666666675,0.03655028191699605,0.6208855582528389,False,False,US gas price up,Economics
KXAAAGASD,0.8,favorite_yes_gt90,46,34,-0.01668052173913043,-0.07887627051671732,0.029101168604651173,0.9377911766834115,0.618,0.9713043478260868,-0.01916752380952381,0.64,-0.01459143999999999,-0.10427746235177866,0.034330656999999994,0.9245077772468955,False,False,US gas price up,Economics
KXAAAGASD,0.95,buy_no_all,177,59,0.026359033898305084,-0.017542213983050847,0.0668374841807909,0.39269493506904596,0.124,0.5272881355932204,0.017301155555555555,0.25533333333333336,0.03572925287356321,-0.026923641379310352,0.0986137485632183,0.46971776523932063,False,False,US gas price up,Economics
KXAAAGASD,0.95,buy_yes_all,177,59,-0.0631820395480226,-0.10455357542372881,-0.01850231257062148,0.9986666666666667,0.9986666666666667,0.4980225988700565,-0.05688772222222221,0.9806666666666667,-0.06969340229885057,-0.1335883721264368,-0.0056128183908046095,0.9833333333333333,False,False,US gas price up,Economics
KXAAAGASD,0.95,longshot_no_lt10,56,41,-0.0011959999999999898,-0.04064113076923076,0.019334465827922087,0.8509797107066911,0.534,0.9821428571428571,-0.01588681818181818,0.6553333333333333,0.019882130434782617,0.012199506590909102,0.028422585227272732,0.6966418044630127,False,False,US gas price up,Economics
KXAAAGASD,0.95,favorite_yes_gt90,56,42,-0.012369785714285713,-0.06203071472457626,0.026088998770053454,0.7430462704444227,0.6166666666666667,0.975,-0.01385892592592592,0.622,-0.010983344827586202,-0.08445464137931036,0.03051559038461539,0.9274848615904697,False,False,US gas price up,Economics
KXAAAGASDAZ,0.5,buy_no_all,70,26,-0.08804279999999999,-0.17053043977342314,-0.019481148214285725,0.9966666666666667,0.9966666666666667,0.5840000000000002,-0.12144016216216215,0.984,-0.05059727272727273,-0.14463997749999996,0.014454323630952367,0.9026666666666666,False,False,Arizona gas price,Economics
KXAAAGASDAZ,0.5,buy_yes_all,70,26,-0.04770287142857143,-0.11967873289888584,0.02592287448529397,0.8973333333333333,0.8973333333333333,0.5444285714285716,0.020206513513513515,0.37733333333333335,-0.12384369696969699,-0.2093768400094697,-0.041484243114973306,1.0,False,False,Arizona gas price,Economics
KXAAAGASDAZ,0.8,buy_no_all,70,26,-0.0714407142857143,-0.1356416134832069,-0.01669385310263752,0.996,0.996,0.5397142857142859,-0.08852261111111114,0.9813333333333333,-0.053354000000000006,-0.1361899975757576,0.01538085931372547,0.9213333333333333,False,False,Arizona gas price,Economics
KXAAAGASDAZ,0.8,buy_yes_all,70,26,-0.0632644,-0.13244988812839673,0.009175970608660043,0.952,0.952,0.5885714285714287,-0.014126249999999995,0.5926666666666667,-0.1152930294117647,-0.18503864578125,-0.04930314716386555,1.0,False,False,Arizona gas price,Economics
KXAAAGASDAZ,0.95,buy_no_all,71,26,-0.1055066056338028,-0.1661064086397059,-0.05065600075656651,1.0,1.0,0.5953521126760564,-0.06909942105263159,0.9866666666666667,-0.1474300303030303,-0.25271742661764707,-0.049658128402217755,1.0,False,False,Arizona gas price,Economics
KXAAAGASDAZ,0.95,buy_yes_all,71,26,-0.07809287323943662,-0.14118679570422535,-0.01648677630434787,0.9966666666666667,0.9966666666666667,0.5816901408450704,-0.059727368421052626,0.8746666666666667,-0.09924103030303029,-0.15659683083639706,-0.04817869924242438,1.0,False,False,Arizona gas price,Economics
KXAAAGASDCA,0.5,buy_no_all,119,42,-0.10388115966386556,-0.14814726893988364,-0.060619564462809944,1.0,1.0,0.41058823529411775,-0.1024001967213115,0.9986666666666667,-0.10543872413793107,-0.16443371960111047,-0.050753690454545586,1.0,False,False,California gas price,Economics
KXAAAGASDCA,0.5,buy_yes_all,119,42,-0.010634806722689072,-0.047956812167931684,0.0276452802490542,0.7106666666666667,0.7106666666666667,0.6969747899159663,0.0034643770491803406,0.4513333333333333,-0.02546325862068966,-0.06038667867231639,0.0027300686781609115,0.9566666666666667,False,False,California gas price,Economics
KXAAAGASDCA,0.5,favorite_yes_gt90,59,36,0.009633644067796618,0.007137666241258747,0.012507583730971902,0.7057511931956972,0.0,0.9896610169491525,0.012626193548387107,0.0,0.006320464285714291,0.0032372173913043506,0.009678705769230779,0.8921424929240971,False,False,California gas price,Economics
KXAAAGASDCA,0.8,buy_no_all,100,38,-0.08918885000000003,-0.1366137001952515,-0.045721688431221826,1.0,1.0,0.3853000000000001,-0.06190854901960784,0.9846666666666667,-0.11758263265306124,-0.18750464899764152,-0.05345281593750008,1.0,False,False,California gas price,Economics
KXAAAGASDCA,0.8,buy_yes_all,100,38,-0.00928475,-0.04275264564592827,0.024438108359117132,0.7042213165473926,0.6986666666666667,0.7067,0.0007923137254901976,0.48333333333333334,-0.01977312244897959,-0.054893814150943396,0.010508685581188915,0.8846666666666667,False,False,California gas price,Economics
KXAAAGASDCA,0.8,favorite_yes_gt90,56,34,0.005991571428571434,0.003043325961538464,0.009498160611263743,0.8151964441201592,0.0,0.9935714285714285,0.008418967741935492,0.0,0.0029816000000000027,0.0006204666666666671,0.0075443380952381015,0.9505039940447296,False,False,California gas price,Economics
KXAAAGASDCA,0.95,buy_no_all,107,40,-0.10715985046728972,-0.16561397427884614,-0.052822754904904935,1.0,1.0,0.41158878504672897,-0.03068787037037038,0.8806666666666667,-0.18507469811320754,-0.2938134167675545,-0.09739952542042674,1.0,False,False,California gas price,Economics
KXAAAGASDCA,0.95,buy_yes_all,107,40,-0.02714903738317757,-0.0628768039782709,0.006451943452877386,0.9493333333333334,0.9493333333333334,0.7163551401869159,-0.0285572037037037,0.8253333333333334,-0.02571430188679245,-0.062298686418269224,0.007712937185534554,0.928,False,False,California gas price,Economics
KXAAAGASDCA,0.95,favorite_yes_gt90,57,35,0.002944210526315792,0.0009389720593220349,0.005441350833333337,0.901947140303382,0.0,0.9968421052631579,0.004794857142857148,0.0,0.0,0.0,0.0,1.0,False,False,California gas price,Economics
KXAAAGASDFL,0.5,buy_no_all,123,42,-0.08920525203252033,-0.1535236399414634,-0.03530423951121166,1.0,1.0,0.6796747967479676,-0.06888324193548387,0.9493333333333334,-0.10986040983606554,-0.20189821518817203,-0.038525543032786894,0.9993333333333333,False,False,Florida gas price,Economics
KXAAAGASDFL,0.5,buy_yes_all,123,42,-0.069599,-0.11879886199186993,-0.02111548577235773,0.9993333333333333,0.9993333333333333,0.4717886178861788,-0.046420032258064514,0.9346666666666666,-0.09315795081967213,-0.17378726772849462,-0.02380962186475415,0.996,False,False,Florida gas price,Economics
KXAAAGASDFL,0.5,longshot_no_lt10,58,28,-0.006315724137931026,-0.048824419968553454,0.013983986012235829,0.9626061159496622,0.6226666666666667,0.9882758620689657,-0.017849312499999992,0.6373333333333333,0.007879461538461545,0.004467892000000004,0.011324887577639756,0.9094383913070587,False,False,Florida gas price,Economics
KXAAAGASDFL,0.8,buy_no_all,97,41,-0.077953793814433,-0.158906769877551,-0.01940298108643937,0.9993333333333333,0.9993333333333333,0.6315463917525773,-0.03339954901960785,0.8806666666666667,-0.12735089130434785,-0.2587570804360465,-0.020756133537137764,0.9993333333333333,False,False,Florida gas price,Economics
KXAAAGASDFL,0.8,buy_yes_all,97,41,-0.027088061855670097,-0.07202857393685566,0.032537253593749996,0.842,0.842,0.4665979381443299,-0.0403638431372549,0.9713333333333334,-0.012369260869565213,-0.09212618643410853,0.09050680482954536,0.662,False,False,Florida gas price,Economics
KXAAAGASDFL,0.8,longshot_no_lt10,46,27,-0.0355750652173913,-0.13373589772727273,0.012158965318503545,0.9807683454392315,0.64,0.991521739130435,0.011025272727272736,0.0,-0.07829204166666667,-0.2663815909090909,0.006069782608695657,0.9977786288071057,False,False,Florida gas price,Economics
KXAAAGASDFL,0.95,buy_no_all,110,42,-0.05854619090909092,-0.10110666736954567,-0.01954818849557525,1.0,1.0,0.6288181818181818,-0.031367719298245625,0.9646666666666667,-0.08777586792452831,-0.161477574469697,-0.022420959084556307,0.9986666666666667,False,False,Florida gas price,Economics
KXAAAGASDFL,0.95,buy_yes_all,110,42,-0.04950454545454545,-0.08280118513513512,-0.018804085397533477,1.0,1.0,0.47381818181818175,-0.06805971929824561,0.9993333333333333,-0.029548981132075464,-0.06680564821428571,0.0079120189952153,0.944,False,False,Florida gas price,Economics
KXAAAGASDFL,0.95,longshot_no_lt10,54,26,0.005181703703703708,0.001756678301886794,0.009332673529411773,0.8736507720604627,0.0,0.9944444444444445,0.00610975862068966,0.0006666666666666666,0.0041051600000000035,0.0,0.010145521739130444,0.951835254070763,False,False,Florida gas price,Economics
KXAAAGASDGA,0.5,buy_no_all,89,31,-0.13503360674157303,-0.20067700631868135,-0.07486370867082363,1.0,1.0,0.6816853932584269,-0.16368526086956522,1.0,-0.104383,-0.18101868999999998,-0.034044005555555645,0.9993333333333333,False,False,Georgia gas price,Economics
KXAAAGASDGA,0.5,buy_yes_all,89,31,-0.028767426966292135,-0.08137274127989658,0.022628474194344935,0.8533333333333334,0.8533333333333334,0.47426966292134826,-0.011681021739130437,0.664,-0.047045906976744184,-0.13701979497289973,0.04640293761904742,0.834,False,False,Georgia gas price,Economics
KXAAAGASDGA,0.8,buy_no_all,80,32,-0.09902561250000001,-0.1478812261847464,-0.05506990230769234,1.0,1.0,0.533375,-0.08607546341463414,1.0,-0.11263987179487181,-0.20265829999999999,-0.037449152910602926,0.9986666666666667,False,False,Georgia gas price,Economics
KXAAAGASDGA,0.8,buy_yes_all,80,32,-0.0146328875,-0.056552080873493976,0.026616139595588232,0.7605538678653591,0.73,0.5738749999999999,-0.004057585365853653,0.5973333333333334,-0.02575051282051282,-0.10473964903846154,0.0590748622023808,0.716,False,False,Georgia gas price,Economics
KXAAAGASDGA,0.95,buy_no_all,81,31,-0.1007718148148148,-0.17052914802017466,-0.04571380625000001,1.0,1.0,0.5665432098765433,-0.09822620930232559,1.0,-0.10365236842105262,-0.21304476878378378,-0.019447965384615473,0.996,False,False,Georgia gas price,Economics
KXAAAGASDGA,0.95,buy_yes_all,81,31,-0.03807888888888889,-0.08615190865164249,0.005311411890243868,0.9513333333333334,0.9513333333333334,0.565679012345679,-0.01842374418604651,0.8586666666666667,-0.060320236842105274,-0.1478525080192034,0.029188063235294093,0.898,False,False,Georgia gas price,Economics
KXAAAGASDIL,0.5,buy_no_all,123,42,-0.003902658536585365,-0.036564245755737704,0.02756332056037089,0.6246822759567519,0.5846666666666667,0.626910569105691,-0.029011031746031746,0.9073333333333333,0.022461133333333334,-0.021894362916666667,0.06660132458333329,0.5857203070393562,False,False,Illinois gas price,Economics
KXAAAGASDIL,0.5,buy_yes_all,123,42,-0.12314842276422765,-0.1709143083173323,-0.07631132658536587,1.0,1.0,0.4931707317073171,-0.07779984126984128,0.986,-0.17076443333333335,-0.22443998,-0.11906638708333336,1.0,False,False,Illinois gas price,Economics
KXAAAGASDIL,0.5,longshot_no_lt10,53,32,-0.004613377358490557,-0.05085511249999999,0.01821105112068966,0.923933413799164,0.612,0.9847169811320755,-0.02218470370370369,0.6533333333333333,0.013633769230769237,0.008195830000000006,0.019733976531339036,0.8028069533871183,False,False,Illinois gas price,Economics
KXAAAGASDIL,0.8,buy_no_all,99,39,-0.028573848484848483,-0.05754902595369831,-0.003117948994597849,0.9866666666666667,0.9866666666666667,0.7027272727272726,-0.023419500000000003,0.854,-0.033833387755102036,-0.07250919816053511,-0.002970043337334952,0.9853333333333333,False,False,Illinois gas price,Economics
KXAAAGASDIL,0.8,buy_yes_all,99,39,-0.09424287878787879,-0.1417414410873724,-0.04635125473771987,1.0,1.0,0.4138383838383839,-0.05717523999999999,0.9326666666666666,-0.13206700000000002,-0.1794462437555457,-0.08068788700000001,1.0,False,False,Illinois gas price,Economics
KXAAAGASDIL,0.8,longshot_no_lt10,52,31,-0.011529480769230762,-0.05752352173913042,0.009625395707140879,0.9762128341144941,0.6306666666666667,0.9917307692307695,-0.02979203703703703,0.6613333333333333,0.008194080000000008,0.005516270370370375,0.010957930706521742,0.8766518217445425,False,False,Illinois gas price,Economics
KXAAAGASDIL,0.95,buy_no_all,110,40,-0.02927908181818182,-0.055241169369369375,-0.009113535044642861,1.0,1.0,0.6544545454545454,-0.031766618181818196,0.9873333333333333,-0.02679154545454545,-0.05284375416666666,-0.005577403621031769,0.994,False,False,Illinois gas price,Economics
KXAAAGASDIL,0.95,buy_yes_all,110,40,-0.1056398,-0.14684688794829023,-0.06596011818894788,1.0,1.0,0.4745454545454545,-0.07191814545454545,0.9993333333333333,-0.13936145454545454,-0.18925697150997148,-0.09002776202830194,1.0,False,False,Illinois gas price,Economics
KXAAAGASDIL,0.95,longshot_no_lt10,48,30,0.0025212291666666686,0.0009694791666666675,0.004506565804878042,0.927064270118714,0.0,0.9972916666666668,0.0,1.0,0.004840760000000004,0.0022336800000000018,0.00760207920875421,0.9252972600847708,False,False,Illinois gas price,Economics
KXAAAGASDMA,0.5,buy_no_all,74,26,-0.09023739189189188,-0.14308544675769436,-0.04217466016180656,1.0,1.0,0.653918918918919,-0.11852035897435897,1.0,-0.05872208571428572,-0.13509643214285713,-0.006362255555555564,0.9906666666666667,False,False,Massachusetts gas price,Economics
KXAAAGASDMA,0.5,buy_yes_all,74,26,-0.08553189189189188,-0.14236036469594593,-0.032394393243243266,1.0,1.0,0.5143243243243244,-0.067715,0.994,-0.105385,-0.201076759894958,-0.021523145016339902,0.9986666666666667,False,False,Massachusetts gas price,Economics
KXAAAGASDMA,0.8,buy_no_all,64,26,-0.09251903125000001,-0.14623080946969697,-0.03669606667854614,1.0,1.0,0.619375,-0.099683625,0.9913333333333333,-0.08535443749999999,-0.15848818454545452,-0.01861507768026568,0.9993333333333333,False,False,Massachusetts gas price,Economics
KXAAAGASDMA,0.8,buy_yes_all,64,26,-0.103484171875,-0.15859708346354165,-0.05199302099769469,1.0,1.0,0.5682812500000001,-0.08099440624999998,0.9946666666666667,-0.1259739375,-0.20417589124026694,-0.0498935778409092,1.0,False,False,Massachusetts gas price,Economics
KXAAAGASDMA,0.95,buy_no_all,70,25,-0.07650018571428571,-0.12045367613516922,-0.035822544295774666,0.9993333333333333,0.9993333333333333,0.6298571428571429,-0.07135665714285715,0.9933333333333333,-0.08164371428571429,-0.1463706405637255,-0.027169499821428633,0.998,False,False,Massachusetts gas price,Economics
KXAAAGASDMA,0.95,buy_yes_all,70,25,-0.11709505714285715,-0.17434904425675676,-0.06390174298611115,1.0,1.0,0.556,-0.089399,0.9993333333333333,-0.14479111428571428,-0.20989322291666665,-0.07639170555555556,1.0,False,False,Massachusetts gas price,Economics
KXAAAGASDMI,0.5,buy_no_all,71,26,-0.016074845070422544,-0.04764731392857144,0.012045840887432989,0.8593333333333333,0.8593333333333333,0.6614084507042254,-0.04012311111111113,0.9353333333333333,0.008660514285714288,-0.010575635921717173,0.032314156617647055,0.5556498061106214,False,False,Michigan gas price,Economics
KXAAAGASDMI,0.5,buy_yes_all,71,26,-0.13278338028169015,-0.19867622101449275,-0.07161310890926643,1.0,1.0,0.48,-0.05788105555555555,0.9946666666666667,-0.20982577142857145,-0.3055120077941177,-0.12218912369281049,1.0,False,False,Michigan gas price,Economics
KXAAAGASDMI,0.8,buy_no_all,61,26,-0.029332393442622954,-0.06032706235632184,0.0011433566091953891,0.972,0.972,0.6829508196721313,-0.04540062500000001,0.9693333333333334,-0.011601931034482753,-0.041019262499999994,0.008655764285714294,0.7153333333333334,False,False,Michigan gas price,Economics
KXAAAGASDMI,0.8,buy_yes_all,61,26,-0.08660321311475411,-0.14844595849056605,-0.04032226474654379,1.0,1.0,0.4272131147540983,-0.043732281250000005,0.9813333333333333,-0.13390906896551724,-0.23804469423076924,-0.05785480927419356,1.0,False,False,Michigan gas price,Economics
KXAAAGASDMI,0.95,buy_no_all,67,26,-0.016679582089552246,-0.03249794357142858,-0.004876512839213029,0.9993333333333333,0.9993333333333333,0.6722388059701494,-0.029480722222222224,1.0,-0.0018137419354838722,-0.007002384043560613,0.003202595312500003,0.7413333333333333,False,False,Michigan gas price,Economics
KXAAAGASDMI,0.95,buy_yes_all,67,26,-0.10054405970149254,-0.15616453873626374,-0.05244411876832848,1.0,1.0,0.44,-0.04912988888888889,1.0,-0.16025083870967743,-0.25125331416666674,-0.08347447285873197,1.0,False,False,Michigan gas price,Economics
KXAAAGASDNC,0.5,buy_no_all,89,33,-0.10957496629213483,-0.18382925918478263,-0.04255456161764714,1.0,1.0,0.6004494382022472,-0.1011176956521739,0.994,-0.11862227906976744,-0.22268475923913045,-0.02529030005060731,0.9906666666666667,False,False,North Carolina gas price,Economics
KXAAAGASDNC,0.5,buy_yes_all,89,33,0.007930752808988762,-0.0335364305870675,0.059297584616858176,0.4893200180314749,0.39666666666666667,0.4940449438202246,-0.002085608695652178,0.542,0.018645930232558148,-0.034432780706854335,0.07595150259138024,0.39286484333218386,False,False,North Carolina gas price,Economics
KXAAAGASDNC,0.8,buy_no_all,78,33,-0.08994514102564102,-0.15956547543103447,-0.0310868169871795,1.0,1.0,0.5739743589743589,-0.064301,0.9773333333333334,-0.11558928205128205,-0.217520082027512,-0.0288749173796792,0.9986666666666667,False,False,North Carolina gas price,Economics
KXAAAGASDNC,0.8,buy_yes_all,78,33,-0.006387589743589742,-0.03649311025915156,0.024376611703945318,0.658,0.658,0.5164102564102563,-0.027906666666666666,0.898,0.01513148717948718,-0.020205316977928687,0.056697512733100225,0.722430524980849,False,False,North Carolina gas price,Economics
KXAAAGASDNC,0.95,buy_no_all,81,33,-0.1009191975308642,-0.17427742182284542,-0.04328194717391308,1.0,1.0,0.5549382716049382,-0.07985726190476192,1.0,-0.12360128205128205,-0.23876141947115384,-0.030027116616541373,1.0,False,False,North Carolina gas price,Economics
KXAAAGASDNC,0.95,buy_yes_all,81,33,-0.016124617283950617,-0.0517370886392405,0.015171972151898732,0.8346666666666667,0.8346666666666667,0.55679012345679,-0.034275095238095236,0.9826666666666667,0.003422051282051287,-0.039567559821428566,0.05063810227272727,0.6480798838592168,False,False,North Carolina gas price,Economics
KXAAAGASDNJ,0.5,buy_no_all,117,42,-0.046920598290598296,-0.10318199374554908,0.00031664956380848244,0.9746666666666667,0.9746666666666667,0.6502564102564101,-0.08775261666666667,0.9986666666666667,-0.003939526315789473,-0.08502704767549261,0.06220753296610164,0.502908683052389,False,False,New Jersey gas prices,Economics
KXAAAGASDNJ,0.5,buy_yes_all,117,42,-0.043888846153846146,-0.08554077190608983,-0.005028268984257896,0.99,0.99,0.43290598290598287,-0.0037234499999999975,0.55,-0.0861682105263158,-0.1484428855681818,-0.029536455833333336,0.9993333333333333,False,False,New Jersey gas prices,Economics
KXAAAGASDNJ,0.5,longshot_no_lt10,56,32,0.009651392857142865,0.0061507306519541834,0.014304348991935492,0.7331942384838,0.0,0.9896428571428572,0.014505555555555568,0.0,0.007352052631578954,0.004655991666666671,0.01056430776276277,0.8627897508948628,False,False,New Jersey gas prices,Economics
KXAAAGASDNJ,0.8,buy_no_all,103,39,-0.059001320388349515,-0.11882752560803167,-0.007353672267464712,0.986,0.986,0.667766990291262,-0.09774705555555557,1.0,-0.016301938775510203,-0.09410119494609165,0.05328355436991869,0.6824068551400275,False,False,New Jersey gas prices,Economics
KXAAAGASDNJ,0.8,buy_yes_all,103,39,-0.014965436893203881,-0.0539093172029703,0.02915534319212622,0.7793333333333333,0.7793333333333333,0.4001941747572814,0.009378500000000001,0.37733333333333335,-0.04179344897959183,-0.110666400310559,0.013796325215686217,0.9146666666666666,False,False,New Jersey gas prices,Economics
KXAAAGASDNJ,0.8,longshot_no_lt10,59,32,-0.010155169491525421,-0.04868680696428571,0.009195046200284092,0.9799978031806226,0.6546666666666666,0.9927118644067798,-0.03273929166666666,0.6313333333333333,0.005331085714285716,0.0017615216216216231,0.010729808088235291,0.9034255388011366,False,False,New Jersey gas prices,Economics
KXAAAGASDNJ,0.95,buy_no_all,109,42,-0.06845726605504587,-0.126230035522677,-0.020257261873220512,0.9993333333333333,0.9993333333333333,0.6440366972477064,-0.07010215789473687,0.9786666666666667,-0.06665421153846153,-0.14818748879310345,-0.005872599407407439,0.9853333333333333,False,False,New Jersey gas prices,Economics
KXAAAGASDNJ,0.95,buy_yes_all,109,42,-0.05770750458715595,-0.09919331418269231,-0.01987146566880843,0.9993333333333333,0.9993333333333333,0.47633027522935784,-0.012914912280701754,0.7453333333333333,-0.10680707692307692,-0.1764352478333333,-0.04391440947802199,1.0,False,False,New Jersey gas prices,Economics
KXAAAGASDNJ,0.95,longshot_no_lt10,50,27,0.0033524800000000027,0.0013420420454545467,0.005418538500000001,0.9133199441052566,0.0,0.9964000000000002,0.003990047619047622,0.0033333333333333335,0.0028907931034482786,0.0006418620689655177,0.005588974000000004,0.9519767642692636,False,False,New Jersey gas prices,Economics
KXAAAGASDNY,0.5,buy_no_all,103,37,-0.0853061650485437,-0.12960891945861677,-0.045169390216764416,1.0,1.0,0.4890291262135923,-0.11530265384615385,1.0,-0.05472150980392158,-0.09760021862745098,-0.019200421586879443,1.0,False,False,New York gas price,Economics
KXAAAGASDNY,0.5,buy_yes_all,103,37,0.000231951456310686,-0.033553109458301596,0.0353351473331445,0.6832849233498446,0.5333333333333333,0.5888349514563108,0.03393557692307693,0.13666666666666666,-0.03413252941176471,-0.06927738707433555,-0.001647703301886805,0.9793333333333333,False,False,New York gas price,Economics
KXAAAGASDNY,0.5,favorite_yes_gt90,45,28,0.009940844444444454,0.006306978279069773,0.014088030000000012,0.7559830169080066,0.0,0.9893333333333334,0.009726260869565226,0.0,0.010165181818181828,0.00554278545454546,0.01525636363636365,0.866718704886493,False,False,New York gas price,Economics
KXAAAGASDNY,0.8,buy_no_all,92,37,-0.08330331521739132,-0.12764668824764785,-0.044011815384112904,1.0,1.0,0.4705434782608696,-0.08904032608695653,1.0,-0.07756630434782609,-0.14114019917498916,-0.02373908568627452,1.0,False,False,New York gas price,Economics
KXAAAGASDNY,0.8,buy_yes_all,92,37,-0.008322402173913043,-0.03391428008960573,0.0194501206485215,0.8693926263376426,0.74,0.6142391304347826,0.006800630434782612,0.4,-0.023445434782608694,-0.04872038919482686,0.000385146780303026,0.974,False,False,New York gas price,Economics
KXAAAGASDNY,0.8,favorite_yes_gt90,40,26,0.007219575000000006,0.004305748170731712,0.010410417339261293,0.8282917608774735,0.0,0.99225,0.00735352631578948,0.0,0.007098380952380958,0.0031030000000000025,0.012164552173913054,0.9050801999638323,False,False,New York gas price,Economics
KXAAAGASDNY,0.95,buy_no_all,100,39,-0.07176058,-0.1203388187012987,-0.03086269671717173,1.0,1.0,0.4388,-0.06171543137254902,1.0,-0.08221573469387754,-0.16574189150943394,-0.018270566583333356,1.0,False,False,New York gas price,Economics
KXAAAGASDNY,0.95,buy_yes_all,100,39,-0.024359870000000002,-0.055649414086408645,0.004445236581302327,0.9413333333333334,0.9413333333333334,0.6518999999999999,-0.007090607843137254,0.6233333333333333,-0.04233400000000002,-0.08064413069908814,-0.009270203495440743,0.994,False,False,New York gas price,Economics
KXAAAGASDNY,0.95,favorite_yes_gt90,51,29,0.002557607843137257,0.0007445600000000007,0.004946505444305383,0.9284250350197525,0.0006666666666666666,0.9972549019607843,0.0031070000000000026,0.0026666666666666666,0.0017727619047619063,0.0,0.003832294117647062,0.9771976383171197,False,False,New York gas price,Economics
KXAAAGASDOH,0.5,buy_no_all,91,33,-0.04527484615384615,-0.09962593500000001,-0.002216835445163674,0.9826666666666667,0.9826666666666667,0.6796703296703297,-0.06772317391304349,0.9866666666666667,-0.022327666666666662,-0.08193772895981086,0.026504569878183837,0.7705488530041358,False,False,Ohio gas price,Economics
KXAAAGASDOH,0.5,buy_yes_all,91,33,-0.0748561978021978,-0.12264737796867696,-0.035984551607190614,1.0,1.0,0.43428571428571433,-0.055534217391304354,0.9993333333333333,-0.09460755555555554,-0.1788185636111111,-0.027671591090425558,1.0,False,False,Ohio gas price,Economics
KXAAAGASDOH,0.8,buy_no_all,80,32,-0.0661279125,-0.11647048015015805,-0.024149979635532153,1.0,1.0,0.6756249999999999,-0.06139527499999999,1.0,-0.07086055000000001,-0.15460577344594595,-0.0051199481250000225,0.982,False,False,Ohio gas price,Economics
KXAAAGASDOH,0.8,buy_yes_all,80,32,-0.050181575,-0.09193648987341772,-0.01377381645381015,0.9966666666666667,0.9966666666666667,0.4342499999999999,-0.042369725000000004,0.9826666666666667,-0.057993425,-0.13151525879329004,0.003171992567567397,0.9686666666666667,False,False,Ohio gas price,Economics
KXAAAGASDOH,0.95,buy_no_all,81,32,-0.0503633950617284,-0.0864094679323725,-0.02219970309355072,1.0,1.0,0.6779012345679013,-0.03811221428571429,1.0,-0.06355697435897434,-0.12501593961988305,-0.01697155500000001,0.9993333333333333,False,False,Ohio gas price,Economics
KXAAAGASDOH,0.95,buy_yes_all,81,32,-0.08365537037037037,-0.13473111939010357,-0.035786773148148154,1.0,1.0,0.4509876543209876,-0.07457309523809523,1.0,-0.09343628205128206,-0.18568162476833977,-0.011932610943517361,0.998,False,False,Ohio gas price,Economics
KXAAAGASDPA,0.5,buy_no_all,88,31,-0.041529874999999994,-0.07507243246803565,-0.011325321666666674,0.998,0.998,0.6182954545454545,-0.03892108888888889,0.958,-0.044259999999999994,-0.09480628693181818,-0.002285580113636364,0.9853333333333333,False,False,Pennsylvania gas price,Economics
KXAAAGASDPA,0.5,buy_yes_all,88,31,-0.03246539772727272,-0.05089860402777778,-0.015942458426966306,1.0,1.0,0.4505681818181818,-0.03769737777777778,0.9986666666666667,-0.026990069767441862,-0.052205244778138524,-0.008702670000000001,0.9986666666666667,False,False,Pennsylvania gas price,Economics
KXAAAGASDPA,0.5,longshot_no_lt10,48,25,0.007763416666666673,0.004919883962264155,0.01118240000000001,0.8229640822626876,0.0,0.9916666666666668,0.007988761904761912,0.0,0.0075881481481481555,0.0049535538020833375,0.010561143922924903,0.8988499333131543,False,False,Pennsylvania gas price,Economics
KXAAAGASDPA,0.8,buy_no_all,77,31,-0.013356272727272737,-0.031063820549019606,0.006572887485730565,0.914,0.914,0.5572727272727274,-0.005840358974358983,0.696,-0.02106997368421053,-0.04732945801282051,-0.004055542424242428,1.0,False,False,Pennsylvania gas price,Economics
KXAAAGASDPA,0.8,buy_yes_all,77,31,-0.021237493506493503,-0.04066970724999999,-0.009083239140464808,1.0,1.0,0.47441558441558446,-0.028205230769230764,0.9986666666666667,-0.014086394736842103,-0.02038832878919861,-0.007654280528846152,1.0,False,False,Pennsylvania gas price,Economics
KXAAAGASDPA,0.95,buy_no_all,84,32,-0.020713011904761908,-0.03627058793324292,-0.009544393155694891,1.0,1.0,0.5789285714285715,-0.014511418604651173,0.996,-0.027217121951219517,-0.05455877507649938,-0.007114942777777783,1.0,False,False,Pennsylvania gas price,Economics
KXAAAGASDPA,0.95,buy_yes_all,84,32,-0.039757273809523805,-0.07336832868750001,-0.014396139531201772,1.0,1.0,0.47845238095238085,-0.054639255813953486,1.0,-0.024149341463414638,-0.05144974099946978,-0.007081411060606059,1.0,False,False,Pennsylvania gas price,Economics
KXAAAGASDTN,0.5,buy_no_all,68,25,-0.06443464705882353,-0.10392420614253396,-0.028594895703125008,1.0,1.0,0.6197058823529412,-0.05065777142857143,0.9926666666666667,-0.07904648484848487,-0.13704289703510436,-0.027538302794117685,1.0,False,False,Tennessee gas price,Economics
KXAAAGASDTN,0.5,buy_yes_all,68,25,-0.049439544117647054,-0.08171499281716418,-0.0199239183850932,1.0,1.0,0.4872058823529411,-0.022064885714285706,0.954,-0.07847327272727274,-0.1347495236363636,-0.02813535234375008,0.9986666666666667,False,False,Tennessee gas price,Economics
KXAAAGASDTN,0.8,buy_no_all,63,25,-0.05171603174603175,-0.09868123034965036,-0.013111122706483767,0.998,0.998,0.5415873015873016,-0.02900448484848486,0.904,-0.07669873333333334,-0.1506521138172043,-0.002990503906250014,0.9946666666666667,False,False,Tennessee gas price,Economics
KXAAAGASDTN,0.8,buy_yes_all,63,25,-0.02604136507936508,-0.05271863671875,0.0019504662698412638,0.9673333333333334,0.9673333333333334,0.5307936507936508,-0.013137969696969697,0.8,-0.0402351,-0.08200564484359728,0.005929840855911243,0.9606666666666667,False,False,Tennessee gas price,Economics
KXAAAGASDTX,0.5,buy_no_all,105,39,-0.05968864761904764,-0.11605828810436894,-0.00690147543135438,0.9886666666666667,0.9886666666666667,0.5222857142857144,-0.0750653090909091,0.984,-0.042774320000000005,-0.13692754769511148,0.03205051275510197,0.826,False,False,TX gas price,Economics
KXAAAGASDTX,0.5,buy_yes_all,105,39,-0.04289377142857143,-0.08960727506639195,0.004662644999999995,0.9653333333333334,0.9653333333333334,0.5727619047619048,0.002059127272727277,0.48533333333333334,-0.09234195999999999,-0.17714182951213348,-0.019865112080712802,0.9926666666666667,False,False,TX gas price,Economics
KXAAAGASDTX,0.8,buy_no_all,91,39,-0.05530736263736264,-0.10487354261977923,-0.005282993881252411,0.9853333333333333,0.9853333333333333,0.5024175824175824,-0.06105708510638299,0.9633333333333334,-0.049165613636363646,-0.12568616333333335,0.028574605930232436,0.8953333333333333,False,False,TX gas price,Economics
KXAAAGASDTX,0.8,buy_yes_all,91,39,-0.03874587912087911,-0.0886214159574468,0.010570202444556415,0.928,0.928,0.5847252747252747,-0.00962555319148936,0.624,-0.06985168181818181,-0.16645716276061776,0.014262905064754845,0.95,False,False,TX gas price,Economics
KXAAAGASDTX,0.8,favorite_yes_gt90,40,25,0.008859850000000006,0.004059903846153849,0.014259306944444447,0.8005283785412215,0.0,0.9905000000000002,0.008933208333333342,0.0,0.0087498125,0.0021898823529411782,0.020897914583333295,0.9078542002754002,False,False,TX gas price,Economics
KXAAAGASDTX,0.95,buy_no_all,99,40,-0.05482155555555557,-0.09787432707365125,-0.017753609696969732,0.998,0.998,0.47575757575757593,-0.054994980392156875,0.9753333333333334,-0.05463729166666667,-0.11086423066037736,0.002385935018382251,0.968,False,False,TX gas price,Economics
KXAAAGASDTX,0.95,buy_yes_all,99,40,-0.07380868686868687,-0.12639088159782608,-0.02539807946690506,0.9993333333333333,0.9993333333333333,0.6460606060606061,-0.023194784313725493,0.8186666666666667,-0.12758595833333333,-0.22364324498939556,-0.04313134230257324,0.9993333333333333,False,False,TX gas price,Economics
KXAAAGASDTX,0.95,favorite_yes_gt90,46,25,0.0032396521739130463,0.0008363831818181826,0.006150718141509438,0.9220804712606303,0.0,0.9965217391304348,0.0038550344827586237,0.008,0.0021898823529411782,0.0,0.004653500000000004,0.9783157223878488,False,False,TX gas price,Economics
KXAAAGASDVA,0.5,buy_no_all,69,26,-0.061650840579710146,-0.11274482,-0.013576197146739143,0.9953333333333333,0.9953333333333333,0.638840579710145,-0.07467772972972973,0.9906666666666667,-0.04658850000000001,-0.12801253742897728,0.010632177444556428,0.8853333333333333,False,False,Virginia gas price,Economics
KXAAAGASDVA,0.5,buy_yes_all,69,26,-0.02803228985507246,-0.06937000050832792,0.01485723123239432,0.904,0.904,0.4452173913043478,-0.0002820810810810772,0.5593333333333333,-0.060118468749999994,-0.12988010606060604,0.0010546703124999022,0.974,False,False,Virginia gas price,Economics
KXAAAGASDVA,0.95,buy_no_all,65,26,-0.05675201538461539,-0.10568151313559322,-0.017578945833333366,1.0,1.0,0.6241538461538462,-0.0542420294117647,0.9993333333333333,-0.05950490322580646,-0.11631373188920455,-0.007916339583333341,0.9966666666666667,False,False,Virginia gas price,Economics
KXAAAGASDVA,0.95,buy_yes_all,65,26,-0.035658369230769225,-0.08497606612021857,0.011549337878787855,0.9273333333333333,0.9273333333333333,0.46399999999999997,-0.008735852941176467,0.662,-0.06518629032258064,-0.1423383380387931,-0.0037323556451613104,0.9846666666666667,False,False,Virginia gas price,Economics
KXAAAGASDWA,0.5,buy_no_all,90,32,-0.10468803333333333,-0.18303508736125793,-0.029303473533083733,0.9973333333333333,0.9973333333333333,0.5336666666666667,-0.20330378260869567,1.0,-0.0015897499999999983,-0.05861697717391304,0.05852879302325578,0.5533641673396648,False,False,Washington gas price,Economics
KXAAAGASDWA,0.5,buy_yes_all,90,32,-0.026389666666666672,-0.08673500666666668,0.038823408771293935,0.7973333333333333,0.7973333333333333,0.5895555555555555,0.03130317391304348,0.2773333333333333,-0.0867049090909091,-0.14772072562500002,-0.03237945554347831,1.0,False,False,Washington gas price,Economics
KXAAAGASDWA,0.8,buy_no_all,83,32,-0.059177036144578324,-0.10982533620334999,-0.011236743236679607,0.994,0.994,0.4645783132530122,-0.09519736363636366,0.9973333333333333,-0.01853871794871795,-0.06367150233739838,0.02658541261824321,0.798,False,False,Washington gas price,Economics
KXAAAGASDWA,0.8,buy_yes_all,83,32,-0.05841685542168675,-0.11335661526162791,-0.0031644867359682713,0.982,0.982,0.6451807228915664,0.010944522727272725,0.36666666666666664,-0.13667071794871793,-0.20379847310104532,-0.06442082013719522,1.0,False,False,Washington gas price,Economics
KXAAAGASDWA,0.95,buy_no_all,84,32,-0.08277227380952382,-0.14099263088235295,-0.023101989714912303,0.996,0.996,0.5065476190476191,-0.0833667441860465,0.9766666666666667,-0.08214880487804878,-0.17732272791666664,-0.005556442635024575,0.986,False,False,Washington gas price,Economics
KXAAAGASDWA,0.95,buy_yes_all,84,32,-0.09664088095238095,-0.16499026130720548,-0.03790802220588239,1.0,1.0,0.6640476190476191,-0.04943199999999999,0.9046666666666666,-0.14615263414634147,-0.23610780246983407,-0.06372935795454548,1.0,False,False,Washington gas price,Economics
KXBIGGESTQUAKE,0.5,buy_no_all,88,31,-0.053765056818181806,-0.18446356232822408,0.06976204871173952,0.8324199879601126,0.7993333333333333,0.5430681818181818,-0.06631631111111112,0.722,-0.04063002325581395,-0.17488700857954542,0.10823094785940796,0.7277728582388944,False,False,Biggest earthquake,Climate and Weather
KXBIGGESTQUAKE,0.5,buy_yes_all,88,31,-0.12565913636363638,-0.24295410859982713,-0.0022138301591762303,0.9766666666666667,0.9766666666666667,0.615909090909091,-0.17717708888888892,0.954,-0.071745,-0.227044091680602,0.07410975274266933,0.8146666666666667,False,False,Biggest earthquake,Climate and Weather
KXBIGGESTQUAKE,0.8,buy_no_all,86,31,-0.13081723255813954,-0.2472979615212982,-0.0245019592532469,0.992,0.992,0.6323255813953489,-0.11201441860465115,0.8946666666666667,-0.14962004651162789,-0.28306612314723323,-0.01810591765697977,0.99,False,False,Biggest earthquake,Climate and Weather
KXBIGGESTQUAKE,0.8,buy_yes_all,86,31,0.0035999534883720975,-0.10745308303030301,0.12159646241903499,0.5743373545903623,0.4746666666666667,0.47372093023255807,-0.05537834883720932,0.7266666666666667,0.0625782558139535,-0.07394179756871036,0.20142820121047428,0.38792728586579933,False,False,Biggest earthquake,Climate and Weather
KXBIGGESTQUAKE,0.95,buy_no_all,88,31,-0.1531331477272727,-0.2634317480570794,-0.05564783135560696,0.9993333333333333,0.9993333333333333,0.6462500000000001,-0.1567775111111111,0.9846666666666667,-0.14931927906976744,-0.28825476442028986,-0.019829786904761983,0.9886666666666667,False,False,Biggest earthquake,Climate and Weather
KXBIGGESTQUAKE,0.95,buy_yes_all,88,31,0.02730465909090908,-0.06477015730620156,0.13360306164772717,0.3795195645242637,0.2966666666666667,0.46409090909090905,0.016751155555555546,0.44,0.038349023255813935,-0.08284684229166665,0.17460329310253683,0.4649905013506118,False,False,Biggest earthquake,Climate and Weather
KXBRENTD,0.5,buy_no_all,93,32,-0.1138697956989247,-0.26758413304964535,0.035361970970166474,0.9605953816136392,0.9266666666666666,0.5648387096774193,-0.17238372340425528,0.9406666666666667,-0.05408382608695654,-0.27474003750000003,0.16479061874999984,0.7547604409075789,False,False,Brent Oil Daily,Commodities
KXBRENTD,0.5,buy_yes_all,93,32,0.06378047311827956,-0.08490070864988558,0.215674711968085,0.20397319792302507,0.19533333333333333,0.4621505376344085,0.12318544680851065,0.136,0.0030840869565217366,-0.20931094076086953,0.22012658817934785,0.5884708072275051,False,False,Brent Oil Daily,Commodities
KXBRENTD,0.8,buy_no_all,93,32,-0.12167790322580646,-0.2482128129032258,-0.0008297286702129446,0.976,0.976,0.5712903225806452,-0.176655085106383,0.9626666666666667,-0.0655055652173913,-0.2370943141304348,0.09493451206974632,0.7833212209220481,False,False,Brent Oil Daily,Commodities
KXBRENTD,0.8,buy_yes_all,93,32,0.06965217204301073,-0.05145844832829303,0.19695681885959782,0.1854877615684894,0.14933333333333335,0.4550537634408601,0.1239261063829787,0.10133333333333333,0.0141983695652174,-0.14691659910037877,0.19008658858695626,0.5530299327755527,False,False,Brent Oil Daily,Commodities
KXBRENTD,0.95,buy_no_all,93,32,-0.0020526881720430113,-0.10000440480153283,0.08223370032835141,0.6837570095405335,0.5,0.4539784946236559,-0.06413221276595744,0.7933333333333333,0.06137639130434782,-0.05065323308423914,0.15784455807453415,0.4007093240702946,False,False,Brent Oil Daily,Commodities
KXBRENTD,0.95,buy_yes_all,93,32,-0.04602598924731183,-0.13101434583333335,0.05218350110047037,0.8413333333333334,0.8413333333333334,0.5732258064516128,0.016383872340425525,0.43133333333333335,-0.10979258695652173,-0.20341767267992425,-8.2919886363766e-05,0.9746666666666667,False,False,Brent Oil Daily,Commodities
KXCOPPERD,0.5,buy_no_all,95,32,-0.0034868947368421016,-0.12989997109375,0.1429653648404255,0.5305714453680028,0.504,0.6371578947368423,-0.013155920000000008,0.59,0.007256466666666675,-0.22274073500000002,0.22409797777777757,0.522381101152132,False,False,Daily Copper,Commodities
KXCOPPERD,0.5,buy_yes_all,95,32,-0.06771095789473684,-0.20432332467741937,0.0578618544736842,0.8682638586461583,0.8546666666666667,0.416736842105263,-0.07464354,0.8213333333333334,-0.06000808888888888,-0.2849801705555556,0.17251284888888882,0.8170112622587454,False,False,Daily Copper,Commodities
KXCOPPERD,0.8,buy_no_all,95,32,-0.022291505263157894,-0.11114351532025708,0.08254687210526315,0.6733333333333333,0.6733333333333333,0.6554736842105263,0.04463564,0.25666666666666665,-0.096655,-0.2467602444444444,0.041394278888888796,0.9146666666666666,False,False,Daily Copper,Commodities
KXCOPPERD,0.8,buy_yes_all,95,32,-0.029058631578947367,-0.13216613963045915,0.05940545393395379,0.7500754649672433,0.7293333333333333,0.3772631578947368,-0.09269608,0.9113333333333333,0.041649644444444446,-0.09889057944444445,0.18836025388888888,0.5318703543398077,False,False,Daily Copper,Commodities
KXCOPPERD,0.95,buy_no_all,94,32,-0.039848499999999995,-0.11101669036458334,0.031111021696980046,0.842,0.842,0.681595744680851,-0.03748002040816326,0.8093333333333333,-0.04242751111111112,-0.18446209444444442,0.06997382833333321,0.7233333333333334,False,False,Daily Copper,Commodities
KXCOPPERD,0.95,buy_yes_all,94,32,-0.003323063829787241,-0.07433536483870967,0.06562643171874996,0.6153265633008242,0.5433333333333333,0.346595744680851,-0.006439000000000002,0.5746666666666667,6.98444444444409e-05,-0.11020007166666668,0.13539854111111108,0.6645131072440622,False,False,Daily Copper,Commodities
KXEURUSD,0.5,buy_no_all,120,41,-0.07502898333333334,-0.12421434534032119,-0.026887621458333344,0.9986666666666667,0.9986666666666667,0.9118333333333335,-0.07668779032258063,0.9946666666666667,-0.07325577586206898,-0.13799023199074076,-0.011317895215517258,0.9886666666666667,False,False,EUR/USD daily range,Financials
KXEURUSD,0.5,buy_yes_all,120,41,0.024215158333333327,-0.023113952685950415,0.07380480138334994,0.4769821896596389,0.14266666666666666,0.12741666666666668,0.03542825806451613,0.12866666666666668,0.012228741379310343,-0.0509002760632184,0.07733904650862064,0.6428372733113656,False,False,EUR/USD daily range,Financials
KXEURUSD,0.5,longshot_no_lt10,68,38,-0.04922035294117646,-0.10960001983695654,-0.004221782497667911,0.9941866113408422,0.99,0.9897058823529409,-0.04411420512820513,0.8746666666666667,-0.05608724137931034,-0.14271727032258064,0.01508382884615385,0.9801612716742955,False,False,EUR/USD daily range,Financials
KXEURUSD,0.8,buy_no_all,122,41,-0.06598018032786884,-0.1139230106934086,-0.017866384349593544,0.996,0.996,0.9054098360655737,-0.06418559677419354,0.9726666666666667,-0.06783458333333334,-0.12923321083333333,-0.005834251666666731,0.984,False,False,EUR/USD daily range,Financials
KXEURUSD,0.8,buy_yes_all,122,41,-0.026997549180327866,-0.07758487079168333,0.023495555707716862,0.8606666666666667,0.8606666666666667,0.1754918032786885,-0.01876648387096774,0.7066666666666667,-0.035502983333333335,-0.10102783000000001,0.03249624791666666,0.8513333333333334,False,False,EUR/USD daily range,Financials
KXEURUSD,0.8,longshot_no_lt10,70,39,-0.020174528571428568,-0.06366494111253197,0.009933181164523365,0.9574390591468376,0.8786666666666667,0.9909999999999997,-0.018953421052631578,0.6393333333333333,-0.021624593749999997,-0.08324811187683284,0.014910542031250001,0.8321283626711783,False,False,EUR/USD daily range,Financials
KXEURUSD,0.95,buy_no_all,123,41,-0.03625242276422764,-0.07835080670731706,0.004035069512195023,0.966,0.966,0.8760975609756098,-0.03722388888888888,0.8753333333333333,-0.03523238333333333,-0.085380135,0.015367708749999988,0.9113333333333333,False,False,EUR/USD daily range,Financials
KXEURUSD,0.95,buy_yes_all,123,41,-0.013355439024390242,-0.050851098780487804,0.028168891463414603,0.7466666666666667,0.7466666666666667,0.1608943089430894,-0.0056701428571428545,0.5926666666666667,-0.021425000000000003,-0.06876514375,0.02748938624999994,0.808,False,False,EUR/USD daily range,Financials
KXEURUSD,0.95,longshot_no_lt10,75,40,-0.005995586666666661,-0.037732178759057974,0.009709713897630517,0.9650679597217321,0.64,0.9921333333333333,-0.019635524999999994,0.6393333333333333,0.009592914285714293,0.004913327229532168,0.014357694924192489,0.8246597073997527,False,False,EUR/USD daily range,Financials
KXGOLDD,0.5,buy_no_all,96,32,0.10734936458333334,-0.04528251354166665,0.2695381645833332,0.12365720407187308,0.088,0.4646875,-0.03200572916666666,0.6153333333333333,0.24670445833333335,0.05377801145833334,0.4228845203125,0.04149172698921634,False,False,Gold Daily,Commodities
KXGOLDD,0.5,buy_yes_all,96,32,-0.15508363541666664,-0.3159763713541667,-0.0018026359374999925,0.9803160856794167,0.9766666666666667,0.5607291666666666,-0.013561270833333324,0.5286666666666666,-0.296606,-0.473560271875,-0.10102282343750006,1.0,False,False,Gold Daily,Commodities
KXGOLDD,0.8,buy_no_all,96,32,0.09203065625000001,-0.049585154687499994,0.2430747994791664,0.16298094647720823,0.10133333333333333,0.4794791666666667,-0.06757564583333332,0.7286666666666667,0.2516369583333333,0.09485137916666665,0.41459424999999994,0.038022669212610785,False,False,Gold Daily,Commodities
KXGOLDD,0.8,buy_yes_all,96,32,-0.13951704166666667,-0.28969736588541667,0.0034405374999998723,0.972,0.972,0.5443749999999999,0.02185135416666668,0.4066666666666667,-0.3008854375,-0.4603714151041666,-0.14495667656250003,1.0,False,False,Gold Daily,Commodities
KXGOLDD,0.95,buy_no_all,96,32,0.0007036354166666675,-0.08301760338541667,0.09154192083333332,0.5245262895890339,0.49133333333333334,0.5726041666666667,-0.06016118750000001,0.8046666666666666,0.061568458333333326,-0.04090288072916666,0.16742919010416663,0.409754290589469,False,False,Gold Daily,Commodities
KXGOLDD,0.95,buy_yes_all,96,32,-0.04583041666666667,-0.13609155,0.03995511927083321,0.8493333333333334,0.8493333333333334,0.4522916666666667,0.02119754166666667,0.37666666666666665,-0.11285837500000002,-0.2229579385416667,-0.0021648338541667175,0.978,False,False,Gold Daily,Commodities
KXHIGHAUS,0.5,buy_no_all,180,60,-0.039984177777777775,-0.049087023055555554,-0.03018871125000001,1.0,1.0,0.7006666666666665,-0.032557422222222215,1.0,-0.047410933333333335,-0.06301332638888889,-0.029462786666666668,1.0,False,False,Highest temperature in Austin,Climate and Weather
KXHIGHAUS,0.5,buy_yes_all,180,60,-0.0028875111111111174,-0.012381736111111118,0.006461286111111098,0.7093333333333334,0.7093333333333334,0.31866666666666665,-0.012781800000000003,0.9893333333333333,0.007006777777777768,-0.010105628611111113,0.022663639166666655,0.48338580622556027,False,False,Highest temperature in Austin,Climate and Weather
KXHIGHAUS,0.8,buy_no_all,180,60,-0.018089444444444443,-0.02250900680555555,-0.014175655138888885,1.0,1.0,0.6871111111111111,-0.02284741111111111,1.0,-0.013331477777777774,-0.018367534166666664,-0.008774380833333335,1.0,False,False,Highest temperature in Austin,Climate and Weather
KXHIGHAUS,0.8,buy_yes_all,180,60,-0.015428255555555555,-0.01992852222222222,-0.01145953444444444,1.0,1.0,0.33988888888888885,-0.01805928888888889,1.0,-0.012797222222222215,-0.01849260555555555,-0.0078118099999999946,1.0,False,False,Highest temperature in Austin,Climate and Weather
KXHIGHAUS,0.8,longshot_no_lt10,108,60,0.008212898148148153,0.004977977654440158,0.012091566939252327,0.6096875976843953,0.0,0.9912037037037037,0.012452431372549023,0.0,0.004419631578947372,0.0016350175438596506,0.007517116805875579,0.8755676932771478,False,False,Highest temperature in Austin,Climate and Weather
KXHIGHAUS,0.8,favorite_yes_gt90,41,41,0.018891536585365867,0.01273703780487806,0.025493675609756117,0.4575071723094642,0.0,0.9797560975609757,0.02156706250000002,0.0,0.017179200000000013,0.008580038000000009,0.02710007099999996,0.648423100097863,False,False,Highest temperature in Austin,Climate and Weather
KXHIGHAUS,0.95,buy_no_all,180,60,-0.0035049277777777824,-0.0035643333333333378,-0.003386116666666671,1.0,1.0,0.6755,-0.0035643333333333365,1.0,-0.0034455222222222253,-0.0035643333333333365,-0.003207900000000003,1.0,False,False,Highest temperature in Austin,Climate and Weather
KXHIGHAUS,0.95,buy_yes_all,180,60,-0.007188072222222221,-0.007306883333333332,-0.007128666666666664,1.0,1.0,0.33449999999999996,-0.007128666666666669,1.0,-0.007247477777777779,-0.0074851000000000015,-0.007128666666666669,1.0,False,False,Highest temperature in Austin,Climate and Weather
KXHIGHAUS,0.95,longshot_no_lt10,121,60,0.0,0.0,0.0,1.0,1.0,1.0,0.0,1.0,0.0,0.0,0.0,1.0,False,False,Highest temperature in Austin,Climate and Weather
KXHIGHAUS,0.95,favorite_yes_gt90,59,59,0.0,0.0,0.0,1.0,1.0,1.0,0.0,1.0,0.0,0.0,0.0,1.0,False,False,Highest temperature in Austin,Climate and Weather
KXHIGHCHI,0.5,buy_no_all,180,60,-0.06398994444444445,-0.08295944694444445,-0.04653568486111113,1.0,1.0,0.7248888888888888,-0.06899744444444446,1.0,-0.058982444444444455,-0.0891136586111111,-0.0332568688888889,1.0,False,False,Highest temperature in Chicago,Climate and Weather
KXHIGHCHI,0.5,buy_yes_all,180,60,0.024850683333333328,0.006162900138888889,0.04504270472222222,0.349157954245695,0.004666666666666667,0.29116666666666663,0.027947744444444443,0.016,0.021753622222222223,-0.0050234597222222266,0.053245399444444445,0.4134032374172373,False,False,Highest temperature in Chicago,Climate and Weather
KXHIGHCHI,0.8,buy_no_all,180,60,-0.005946638888888894,-0.007497442083333338,-0.004601852361111116,1.0,1.0,0.6769444444444445,-0.0075535333333333395,1.0,-0.004339744444444448,-0.005760311388888894,-0.0033797738888888917,1.0,False,False,Highest temperature in Chicago,Climate and Weather
KXHIGHCHI,0.8,buy_yes_all,180,60,-0.008336333333333333,-0.00943466847222222,-0.007418198194444442,1.0,1.0,0.3346666666666666,-0.007987466666666667,1.0,-0.0086852,-0.01076441888888889,-0.0072773444444444455,1.0,False,False,Highest temperature in Chicago,Climate and Weather
KXHIGHCHI,0.8,longshot_no_lt10,115,60,0.001134000000000001,0.00040844736842105293,0.002032667272727274,0.934187036237487,0.0006666666666666666,0.9987826086956523,0.0013308214285714297,0.011333333333333334,0.0009471864406779668,0.0,0.002248206896551726,0.971971244160361,False,False,Highest temperature in Chicago,Climate and Weather
KXHIGHCHI,0.8,favorite_yes_gt90,53,53,0.002462679245283021,0.0005268113207547174,0.005101767924528306,0.8774959129486463,0.0013333333333333333,0.9973584905660378,0.003946192307692311,0.012,0.001034111111111112,0.0,0.0020682222222222243,0.9724511397357548,False,False,Highest temperature in Chicago,Climate and Weather
KXHIGHCHI,0.95,buy_no_all,180,60,-0.0035718000000000047,-0.0037649500000000048,-0.003386116666666671,1.0,1.0,0.6755555555555556,-0.0035643333333333365,1.0,-0.0035792666666666696,-0.00396556666666667,-0.003207900000000003,1.0,False,False,Highest temperature in Chicago,Climate and Weather
KXHIGHCHI,0.95,buy_yes_all,180,60,-0.007254944444444443,-0.007448094444444443,-0.007128666666666664,1.0,1.0,0.33455555555555555,-0.007128666666666669,1.0,-0.007381222222222224,-0.007767522222222223,-0.007128666666666669,1.0,False,False,Highest temperature in Chicago,Climate and Weather
KXHIGHCHI,0.95,longshot_no_lt10,121,60,7.691735537190089e-05,0.0,0.0002326750000000002,0.9953954149372427,0.37533333333333335,0.9999173553719009,0.0,1.0,0.00015257377049180342,0.0,0.0004653500000000004,0.9954328987386879,False,False,Highest temperature in Chicago,Climate and Weather
KXHIGHCHI,0.95,favorite_yes_gt90,59,59,0.00015774576271186455,0.0,0.0004732372881355936,0.990735448728266,0.36666666666666664,0.9998305084745763,0.0,1.0,0.0003209310344827589,0.0,0.0009627931034482766,0.9907346961410767,False,False,Highest temperature in Chicago,Climate and Weather
KXHIGHDEN,0.5,buy_no_all,180,60,-0.06470926666666667,-0.08186743263888889,-0.04894269916666668,1.0,1.0,0.7255555555555555,-0.07302342222222222,1.0,-0.0563951111111111,-0.07569746944444446,-0.03281475416666668,1.0,False,False,Highest temperature in Denver,Climate and Weather
KXHIGHDEN,0.5,buy_yes_all,180,60,0.023759838888888888,0.007315457638888888,0.0417223834722222,0.35606020283462764,0.002,0.2921666666666667,0.02991756666666667,0.0013333333333333333,0.01760211111111111,-0.006302163888888893,0.03794328694444441,0.43305352279490245,False,False,Highest temperature in Denver,Climate and Weather
KXHIGHDEN,0.5,longshot_no_lt10,48,44,-0.06447979166666665,-0.1502309388515965,0.01718440856060608,0.9573333333333334,0.9573333333333334,0.9575,-0.08040447999999996,0.89,-0.04717034782608695,-0.1538850173076923,0.043140142857142884,0.8753333333333333,False,False,Highest temperature in Denver,Climate and Weather
KXHIGHDEN,0.8,buy_no_all,180,60,-0.02604421111111111,-0.03083210680555555,-0.020916217083333334,1.0,1.0,0.6918888888888889,-0.028182000000000002,1.0,-0.023906422222222223,-0.030650345,-0.015982991666666675,1.0,False,False,Highest temperature in Denver,Climate and Weather
KXHIGHDEN,0.8,buy_yes_all,180,60,-0.016682183333333333,-0.02063434194444445,-0.013009871250000003,1.0,1.0,0.3378333333333333,-0.012956033333333332,1.0,-0.02040833333333334,-0.026776058333333345,-0.01432131472222223,1.0,False,False,Highest temperature in Denver,Climate and Weather
KXHIGHDEN,0.8,longshot_no_lt10,78,57,-0.0003677435897435832,-0.028298561458333323,0.015760247857509405,0.841421746847964,0.464,0.9866666666666666,-0.007949624999999991,0.63,0.007613184210526322,0.0031858057926829296,0.012938529605263146,0.8073606987478869,False,False,Highest temperature in Denver,Climate and Weather
KXHIGHDEN,0.95,buy_no_all,180,60,-0.003745211111111116,-0.004077310277777783,-0.0035046536111111156,1.0,1.0,0.6756666666666666,-0.003801644444444448,1.0,-0.0036887777777777817,-0.004294100000000004,-0.003207900000000003,1.0,False,False,Highest temperature in Denver,Climate and Weather
KXHIGHDEN,0.95,buy_yes_all,180,60,-0.007590627777777777,-0.008336488888888889,-0.007128666666666664,1.0,1.0,0.3348333333333333,-0.007247322222222224,1.0,-0.007933933333333336,-0.00942565555555556,-0.007128666666666669,1.0,False,False,Highest temperature in Denver,Climate and Weather
KXHIGHDEN,0.95,longshot_no_lt10,120,60,0.0,0.0,0.0,1.0,1.0,1.0,0.0,1.0,0.0,0.0,0.0,1.0,False,False,Highest temperature in Denver,Climate and Weather
KXHIGHDEN,0.95,favorite_yes_gt90,59,59,0.0011092033898305077,0.0,0.003327610169491523,0.9366184142734539,0.36333333333333334,0.9988135593220339,0.0,1.0,0.0022566551724137918,0.0,0.006769965517241375,0.9365831692738757,False,False,Highest temperature in Denver,Climate and Weather
KXHIGHLAX,0.5,buy_no_all,176,60,-0.020764676136363635,-0.04951772731060606,0.00842985448504441,0.9113333333333333,0.9113333333333333,0.7552840909090908,-0.03011338202247191,0.9253333333333333,-0.011201057471264365,-0.05246624511494252,0.033716166954022964,0.724,False,False,Highest temperature in Los Angeles,Climate and Weather
KXHIGHLAX,0.5,buy_yes_all,176,60,-0.01367101136363637,-0.04269847295454545,0.015896075284090896,0.8206666666666667,0.8206666666666667,0.25909090909090915,-0.004696662921348316,0.5893333333333334,-0.02285166666666667,-0.06704424166666666,0.017742271551724132,0.8713333333333333,False,False,Highest temperature in Los Angeles,Climate and Weather
KXHIGHLAX,0.5,longshot_no_lt10,56,43,-0.0562733214285714,-0.12846171294642855,0.014774122788915116,0.9471178745743185,0.946,0.964642857142857,-0.07825588888888886,0.9506666666666667,-0.03580679310344826,-0.13631411887499997,0.03612669207142856,0.8473083165112338,False,False,Highest temperature in Los Angeles,Climate and Weather
KXHIGHLAX,0.8,buy_no_all,176,60,-0.003157812500000001,-0.0062431627840909085,0.0007662240517241221,0.9486666666666667,0.9486666666666667,0.7466477272727274,-0.0025937752808988758,0.7853333333333333,-0.003734816091954024,-0.0056084646551724125,-0.002335252873563221,1.0,False,False,Highest temperature in Los Angeles,Climate and Weather
KXHIGHLAX,0.8,buy_yes_all,176,60,-0.010485272727272725,-0.014555162098249284,-0.00805578813094609,1.0,1.0,0.2649999999999999,-0.011908157303370786,1.0,-0.009029678160919541,-0.01088444827586207,-0.007817443390804603,1.0,False,False,Highest temperature in Los Angeles,Climate and Weather
KXHIGHLAX,0.8,longshot_no_lt10,127,59,0.0016170866141732296,0.0003463515215588726,0.0032603968253968286,0.9089316909580376,0.004,0.9982677165354331,0.0021079032258064533,0.014666666666666666,0.001148923076923078,0.0,0.0031102666666666693,0.9672116600784864,False,False,Highest temperature in Los Angeles,Climate and Weather
KXHIGHLAX,0.8,favorite_yes_gt90,42,42,0.00355652380952381,0.0004435238095238099,0.00812020773809521,0.861017665294308,0.016,0.9961904761904763,0.003815045454545458,0.042,0.003272149999999998,0.0,0.009816449999999994,0.9365519334570153,False,False,Highest temperature in Los Angeles,Climate and Weather
KXHIGHLAX,0.95,buy_no_all,176,60,-0.002741801136363639,-0.003115325736654338,-0.0023374591790752378,1.0,1.0,0.746875,-0.002883505617977531,1.0,-0.0025968390804597726,-0.0031200114942528767,-0.0019822988505747144,1.0,False,False,Highest temperature in Los Angeles,Climate and Weather
KXHIGHLAX,0.95,buy_yes_all,176,60,-0.007966789772727271,-0.008371171537356321,-0.007593455526559195,1.0,1.0,0.263125,-0.007809494382022474,1.0,-0.008127701149425287,-0.008742241379310343,-0.007620298850574713,1.0,False,False,Highest temperature in Los Angeles,Climate and Weather
KXHIGHLAX,0.95,longshot_no_lt10,131,59,7.104580152671762e-05,0.0,0.00022159523809523826,0.9958169223462685,0.3566666666666667,0.9999236641221375,0.0,1.0,0.00014101515151515164,0.0,0.00043626562500000035,0.9959186237899925,False,False,Highest temperature in Los Angeles,Climate and Weather
KXHIGHLAX,0.95,favorite_yes_gt90,45,45,0.0002068222222222224,0.0,0.0006204666666666671,0.9907352224117979,0.38066666666666665,0.9997777777777779,0.0,1.0,0.0004431904761904766,0.0,0.0013295714285714295,0.9907341321910113,False,False,Highest temperature in Los Angeles,Climate and Weather
KXHIGHMIA,0.5,buy_no_all,173,58,-0.046030832369942196,-0.06494367375921865,-0.026717407183908047,1.0,1.0,0.7227745664739885,-0.04200462921348315,1.0,-0.05029669047619047,-0.08145540863095238,-0.018270609226190487,0.9973333333333333,False,False,Highest temperature in Miami,Climate and Weather
KXHIGHMIA,0.5,buy_yes_all,173,58,0.003695838150289019,-0.016343524238422696,0.024373007564281426,0.5368472815100201,0.3473333333333333,0.29676300578034676,0.00026708988764045114,0.49266666666666664,0.007328678571428572,-0.02559079375,0.040300857142857145,0.48267924389939504,False,False,Highest temperature in Miami,Climate and Weather
KXHIGHMIA,0.5,longshot_no_lt10,41,35,-0.015292999999999987,-0.08381302369047619,0.037110646995021354,0.6717052513742938,0.592,0.9641463414634145,0.03325220000000001,0.0,-0.09114487499999999,-0.2321930447368421,0.03802751071428573,0.9203371904427351,False,False,Highest temperature in Miami,Climate and Weather
KXHIGHMIA,0.8,buy_no_all,173,58,-0.004598219653179195,-0.005828587296177495,-0.0035900192377495512,1.0,1.0,0.6916763005780345,-0.004272853932584273,1.0,-0.0049429523809523855,-0.007108388095238098,-0.003332600595238101,1.0,False,False,Highest temperature in Miami,Climate and Weather
KXHIGHMIA,0.8,buy_yes_all,173,58,-0.008940323699421965,-0.010331011781609195,-0.007861551156069365,1.0,1.0,0.32,-0.008020820224719102,1.0,-0.009914559523809525,-0.012623178273809524,-0.007928690476190476,1.0,False,False,Highest temperature in Miami,Climate and Weather
KXHIGHMIA,0.8,longshot_no_lt10,116,58,-0.007575129310344826,-0.02606773055194805,0.002064330088495577,0.9411297865737769,0.6426666666666667,0.9988793103448276,-0.015266416666666664,0.6826666666666666,0.0006655357142857149,0.0,0.00193401886792453,0.9815314687527088,False,False,Highest temperature in Miami,Climate and Weather
KXHIGHMIA,0.8,favorite_yes_gt90,51,51,-0.017412745098039212,-0.05809274509803922,0.004207705882352945,0.9942800634652357,0.6546666666666666,0.9976470588235293,-0.03392537037037037,0.6746666666666666,0.0011639583333333343,0.0,0.003104083333333336,0.9724357522323356,False,False,Highest temperature in Miami,Climate and Weather
KXHIGHMIA,0.95,buy_no_all,173,58,-0.0034611560693641663,-0.00375010688898972,-0.003152148265895957,1.0,1.0,0.6910982658959537,-0.0036040674157303406,1.0,-0.0033097380952380982,-0.003564333333333337,-0.002927845238095241,1.0,False,False,Highest temperature in Miami,Climate and Weather
KXHIGHMIA,0.95,buy_yes_all,173,58,-0.007478757225433526,-0.007787765028901735,-0.007231601156069364,1.0,1.0,0.3191329479768786,-0.007568887640449442,1.0,-0.007383261904761906,-0.007765154761904763,-0.007128666666666668,1.0,False,False,Highest temperature in Miami,Climate and Weather
KXHIGHMIA,0.95,longshot_no_lt10,119,58,-0.008403361344537815,-0.02586206896551724,0.0,1.0,1.0,1.0,-0.01639344262295082,1.0,0.0,0.0,0.0,1.0,False,False,Highest temperature in Miami,Climate and Weather
KXHIGHMIA,0.95,favorite_yes_gt90,54,54,-0.018518518518518517,-0.05555555555555555,0.0,1.0,1.0,1.0,-0.03571428571428571,1.0,0.0,0.0,0.0,1.0,False,False,Highest temperature in Miami,Climate and Weather
KXHIGHNY,0.5,buy_no_all,171,58,-0.03358158479532164,-0.04677874824561404,-0.0214492784156977,1.0,1.0,0.6943274853801169,-0.029655534090909097,1.0,-0.03774414457831325,-0.06028565457185887,-0.015410602628370662,1.0,False,False,Highest temperature in NYC,Climate and Weather
KXHIGHNY,0.5,buy_yes_all,171,58,-0.008891818713450296,-0.020876566617647065,0.004985455777732432,0.908,0.908,0.32415204678362575,-0.015828147727272732,0.992,-0.0015376385542168736,-0.02317965348895583,0.022787836904761855,0.5946350787695429,False,False,Highest temperature in NYC,Climate and Weather
KXHIGHNY,0.8,buy_no_all,171,58,-0.0074387251461988345,-0.009144876331360949,-0.005900945649087227,1.0,1.0,0.6785964912280701,-0.007659852272727277,1.0,-0.007204277108433739,-0.009346225466726895,-0.005340659111445791,1.0,False,False,Highest temperature in NYC,Climate and Weather
KXHIGHNY,0.8,buy_yes_all,171,58,-0.00879727485380117,-0.010064556249999997,-0.007629774003267977,1.0,1.0,0.3347368421052631,-0.00933447727272727,1.0,-0.008227710843373492,-0.009891290565834768,-0.006512021646341463,1.0,False,False,Highest temperature in NYC,Climate and Weather
KXHIGHNY,0.8,longshot_no_lt10,109,58,0.0035082477064220206,0.0018309107142857157,0.005443836586620927,0.8155960117739387,0.0,0.9962385321100916,0.0039001636363636396,0.0,0.003109074074074076,0.0010343703703703713,0.006165713254716986,0.9165032331355045,False,False,Highest temperature in NYC,Climate and Weather
KXHIGHNY,0.8,favorite_yes_gt90,51,51,-0.008633176470588231,-0.04738687794117647,0.012441725490196084,0.8919642400227543,0.6453333333333333,0.9882352941176472,0.009694960000000008,0.0,-0.026256384615384615,-0.09994383461538461,0.014366667307692307,0.9601128578821785,False,False,Highest temperature in NYC,Climate and Weather
KXHIGHNY,0.95,buy_no_all,170,58,-0.003938670588235299,-0.004403341542394915,-0.0035642506944444483,1.0,1.0,0.674235294117647,-0.0038251149425287396,1.0,-0.004057698795180726,-0.004808806558376367,-0.003446682530120485,1.0,False,False,Highest temperature in NYC,Climate and Weather
KXHIGHNY,0.95,buy_yes_all,170,58,-0.007515982352941176,-0.008166175679210564,-0.007123839884393062,1.0,1.0,0.33641176470588224,-0.007144436781609197,1.0,-0.00790543373493976,-0.009254558433734942,-0.007102343044263777,1.0,False,False,Highest temperature in NYC,Climate and Weather
KXHIGHNY,0.95,longshot_no_lt10,114,58,0.00040857017543859684,0.0,0.0010533830434782618,0.9765767717496289,0.046,0.999561403508772,0.00016046551724137944,0.37933333333333336,0.0006655357142857149,0.0,0.0018818101262626232,0.9815314687527088,False,False,Highest temperature in NYC,Climate and Weather
KXHIGHNY,0.95,favorite_yes_gt90,56,56,0.0006650357142857149,0.0,0.0015837584821428359,0.9634310178009283,0.04066666666666666,0.9992857142857143,0.0003209310344827589,0.356,0.0010346296296296304,0.0,0.0027591851851851874,0.9724375114184681,False,False,Highest temperature in NYC,Climate and Weather
KXHIGHPHIL,0.5,buy_no_all,172,58,-0.0491021976744186,-0.06449952095375722,-0.03171790350877194,1.0,1.0,0.7177906976744186,-0.0471674069767442,0.9986666666666667,-0.05103698837209303,-0.06731837068965517,-0.03173044910714291,1.0,False,False,Highest temperature in Philadelphia,Climate and Weather
KXHIGHPHIL,0.5,buy_yes_all,172,58,-0.004199819767441865,-0.024339485205200507,0.012574404606054525,0.6713333333333333,0.6713333333333333,0.3116860465116279,-0.006396593023255816,0.6533333333333333,-0.0020030465116279133,-0.023541298161764715,0.016679647988505727,0.6461161502851588,False,False,Highest temperature in Philadelphia,Climate and Weather
KXHIGHPHIL,0.8,buy_no_all,172,58,-0.015050186046511631,-0.021800151620681545,-0.009141250147058829,1.0,1.0,0.6920930232558139,-0.010920430232558143,0.9926666666666667,-0.01917994186046512,-0.029427827761627907,-0.011224834073920272,1.0,False,False,Highest temperature in Philadelphia,Climate and Weather
KXHIGHPHIL,0.8,buy_yes_all,172,58,-0.018669965116279066,-0.02456005869769337,-0.014122721235299975,1.0,1.0,0.33499999999999996,-0.01888783720930232,1.0,-0.018452093023255813,-0.02439501440126051,-0.01336069856321839,1.0,False,False,Highest temperature in Philadelphia,Climate and Weather
KXHIGHPHIL,0.8,longshot_no_lt10,96,58,-0.006723604166666664,-0.028607682992831538,0.004855710873724494,0.8068688623468245,0.6313333333333333,0.9960416666666667,-0.016215795918367346,0.6393333333333333,0.003172510638297875,0.001113418500000001,0.005325578571428576,0.9119692032398481,False,False,Highest temperature in Philadelphia,Climate and Weather
KXHIGHPHIL,0.95,buy_no_all,172,58,-0.0033730581395348875,-0.003523127167630062,-0.0031772823529411806,1.0,1.0,0.6833720930232557,-0.0032646744186046544,1.0,-0.0034814418604651193,-0.0035643333333333365,-0.0033097380952380982,1.0,False,False,Highest temperature in Philadelphia,Climate and Weather
KXHIGHPHIL,0.95,buy_yes_all,172,58,-0.00739781976744186,-0.0077251849710982656,-0.007169872832369941,1.0,1.0,0.3266860465116279,-0.007584081395348838,1.0,-0.007211558139534885,-0.007383261904761906,-0.007128666666666669,1.0,False,False,Highest temperature in Philadelphia,Climate and Weather
KXHIGHPHIL,0.95,longshot_no_lt10,117,58,0.00015921367521367535,0.0,0.00048175862068965553,0.9908073844655266,0.36866666666666664,0.9998290598290599,0.0003157288135593223,0.36533333333333334,0.0,0.0,0.0,1.0,False,False,Highest temperature in Philadelphia,Climate and Weather
KXHIGHPHIL,0.95,favorite_yes_gt90,55,55,0.0,0.0,0.0,1.0,1.0,1.0,0.0,1.0,0.0,0.0,0.0,1.0,False,False,Highest temperature in Philadelphia,Climate and Weather
KXHIGHTATL,0.5,buy_no_all,178,60,-0.050260488764044944,-0.06463548457397003,-0.035901096956928835,1.0,1.0,0.718258426966292,-0.05244872527472527,1.0,-0.04797164367816092,-0.06844250258620689,-0.023641552873563218,0.9993333333333333,False,False,Atlanta Max Temperature,Climate and Weather
KXHIGHTATL,0.5,buy_yes_all,178,60,-0.004916073033707867,-0.019056952863005055,0.008253124305555545,0.742,0.742,0.3125280898876404,-0.0013664395604395595,0.5413333333333333,-0.008628908045977018,-0.03462321781609196,0.011113231896551695,0.7513333333333333,False,False,Atlanta Max Temperature,Climate and Weather
KXHIGHTATL,0.8,buy_no_all,178,60,-0.02345996629213483,-0.029583395566479393,-0.018104732102272727,1.0,1.0,0.6997752808988764,-0.022371439560439552,1.0,-0.024598540229885054,-0.03395142040229884,-0.016654951724137942,1.0,False,False,Atlanta Max Temperature,Climate and Weather
KXHIGHTATL,0.8,buy_yes_all,178,60,-0.016720561797752807,-0.019690817222222223,-0.013788708664772727,1.0,1.0,0.3335955056179775,-0.01174241758241758,1.0,-0.021927586206896547,-0.02654119137931035,-0.017819361494252874,1.0,False,False,Atlanta Max Temperature,Climate and Weather
KXHIGHTATL,0.8,longshot_no_lt10,106,60,0.007044226415094345,0.00423424166666667,0.009955818437046451,0.6543262186109515,0.0,0.9924528301886792,0.007606037037037044,0.0,0.006460807692307698,0.002960188944444447,0.010402600290275768,0.8286384869313804,False,False,Atlanta Max Temperature,Climate and Weather
KXHIGHTATL,0.8,favorite_yes_gt90,40,40,0.02123222500000001,0.01433549312500001,0.028701555000000014,0.42382491858257343,0.0,0.9772500000000001,0.02287005000000001,0.0,0.019594400000000015,0.010726850000000005,0.02941092000000001,0.6731559128093838,False,False,Atlanta Max Temperature,Climate and Weather
KXHIGHTATL,0.95,buy_no_all,178,60,-0.003424162921348319,-0.0035643333333333378,-0.0032501755343536157,1.0,1.0,0.6829775280898877,-0.003407659340659344,1.0,-0.003441425287356325,-0.0035643333333333365,-0.003195609195402302,1.0,False,False,Atlanta Max Temperature,Climate and Weather
KXHIGHTATL,0.95,buy_yes_all,178,60,-0.0072688370786516835,-0.007442824465646388,-0.007128666666666664,1.0,1.0,0.3270224719101123,-0.0072853406593406615,1.0,-0.0072515747126436795,-0.007497390804597702,-0.007128666666666669,1.0,False,False,Atlanta Max Temperature,Climate and Weather
KXHIGHTATL,0.95,longshot_no_lt10,121,60,0.0,0.0,0.0,1.0,1.0,1.0,0.0,1.0,0.0,0.0,0.0,1.0,False,False,Atlanta Max Temperature,Climate and Weather
KXHIGHTATL,0.95,favorite_yes_gt90,57,57,0.0,0.0,0.0,1.0,1.0,1.0,0.0,1.0,0.0,0.0,0.0,1.0,False,False,Atlanta Max Temperature,Climate and Weather
KXHIGHTBOS,0.5,buy_no_all,175,59,-0.06273839428571429,-0.07787045637972938,-0.04441811801334505,1.0,1.0,0.7200571428571427,-0.0723885617977528,1.0,-0.0527515930232558,-0.07889644441659983,-0.02227011102646351,1.0,False,False,Boston Maximum Daily Temperature,Climate and Weather
KXHIGHTBOS,0.5,buy_yes_all,175,59,0.012798479999999997,-0.0041702969376503675,0.026902675599627914,0.4160989753961202,0.06666666666666667,0.3066285714285714,0.024217955056179765,0.002,0.0009806511627907,-0.028020937827452554,0.024190784320486783,0.4769642833029096,False,False,Boston Maximum Daily Temperature,Climate and Weather
KXHIGHTBOS,0.8,buy_no_all,175,59,-0.00878654285714286,-0.014764359527866883,-0.0029355918571428684,0.9973333333333333,0.9973333333333333,0.6758285714285714,-0.011769707865168543,1.0,-0.005699313953488374,-0.011547237643678165,0.003917181609195397,0.908,False,False,Boston Maximum Daily Temperature,Climate and Weather
KXHIGHTBOS,0.8,buy_yes_all,175,59,-0.012059794285714286,-0.01723944596173601,-0.008533447791907513,1.0,1.0,0.3417142857142857,-0.007845134831460675,1.0,-0.016421476744186047,-0.027198228142954865,-0.009850675933062885,1.0,False,False,Boston Maximum Daily Temperature,Climate and Weather
KXHIGHTBOS,0.8,longshot_no_lt10,110,58,-0.0060391272727272705,-0.024930292420767306,0.004057743358809332,0.8375502776998399,0.642,0.9967272727272727,0.002373127272727275,0.0006666666666666666,-0.014451381818181817,-0.052373880145797594,0.005464702670454541,0.9947159615657549,False,False,Boston Maximum Daily Temperature,Climate and Weather
KXHIGHTBOS,0.8,favorite_yes_gt90,52,52,-0.011338384615384615,-0.051599079807692294,0.011130643269230769,0.9362771269151702,0.6433333333333333,0.9915384615384616,0.006095038461538467,0.0013333333333333333,-0.0287718076923077,-0.10713534615384615,0.014364513461538459,0.9738424841639071,False,False,Boston Maximum Daily Temperature,Climate and Weather
KXHIGHTBOS,0.95,buy_no_all,175,59,-0.005256897142857147,-0.007189105428571432,-0.0037352512686688374,1.0,1.0,0.6733142857142856,-0.0037397865168539357,1.0,-0.006826930232558145,-0.010721595639534889,-0.003931109469235974,1.0,False,False,Boston Maximum Daily Temperature,Climate and Weather
KXHIGHTBOS,0.95,buy_yes_all,175,59,-0.007893440000000002,-0.008793750284090908,-0.007298318181818181,1.0,1.0,0.3386285714285714,-0.007224022471910115,1.0,-0.008586209302325582,-0.010212604635854342,-0.007374321839080462,1.0,False,False,Boston Maximum Daily Temperature,Climate and Weather
KXHIGHTBOS,0.95,longshot_no_lt10,116,59,0.0007239051724137938,0.0,0.0020122664622816764,0.9581740166075678,0.05333333333333334,0.9992241379310345,0.00015774576271186455,0.37533333333333335,0.0013099298245614047,0.0,0.0038337678571428607,0.9627005533142985,False,False,Boston Maximum Daily Temperature,Climate and Weather
KXHIGHTBOS,0.95,favorite_yes_gt90,56,56,0.00016619642857142872,0.0,0.0004985892857142861,0.9907354097590098,0.37533333333333335,0.9998214285714286,0.0003102333333333336,0.37533333333333335,0.0,0.0,0.0,1.0,False,False,Boston Maximum Daily Temperature,Climate and Weather
KXHIGHTDAL,0.5,buy_no_all,180,60,-0.04253095,-0.04846253027777776,-0.03688148347222223,1.0,1.0,0.697388888888889,-0.04461973333333334,1.0,-0.04044216666666667,-0.048773886666666676,-0.03235282611111113,1.0,False,False,Dallas Maximum Temperature,Climate and Weather
KXHIGHTDAL,0.5,buy_yes_all,180,60,-0.003202355555555555,-0.008838469583333338,0.0027281086111111096,0.86,0.86,0.3242222222222222,-0.0007100888888888891,0.5873333333333334,-0.005694622222222223,-0.014008513333333333,0.003486702222222218,0.8933333333333333,False,False,Dallas Maximum Temperature,Climate and Weather
KXHIGHTDAL,0.8,buy_no_all,180,60,-0.01474493333333333,-0.018519031805555555,-0.011697542638888891,1.0,1.0,0.6794444444444443,-0.015057733333333337,1.0,-0.014432133333333333,-0.018607653611111104,-0.01047905166666668,1.0,False,False,Dallas Maximum Temperature,Climate and Weather
KXHIGHTDAL,0.8,buy_yes_all,180,60,-0.010854877777777773,-0.014517053611111112,-0.007841097916666671,1.0,1.0,0.3422222222222222,-0.010399155555555555,1.0,-0.011310599999999997,-0.014365173055555552,-0.008159449444444447,1.0,False,False,Dallas Maximum Temperature,Climate and Weather
KXHIGHTDAL,0.8,longshot_no_lt10,113,60,0.00545069026548673,0.0031637315722049717,0.00803226918599619,0.7204091469184661,0.0,0.9941592920353982,0.006549649122807024,0.0,0.004332107142857145,0.001662833035714287,0.008053452890466535,0.8778798522645973,False,False,Dallas Maximum Temperature,Climate and Weather
KXHIGHTDAL,0.8,favorite_yes_gt90,54,54,0.01901600000000001,0.013137111111111117,0.025592735185185192,0.354604218243453,0.0,0.9796296296296295,0.024340678571428583,0.0,0.013281730769230773,0.005741640384615386,0.021549307692307697,0.7063539885780924,False,False,Dallas Maximum Temperature,Climate and Weather
KXHIGHTDAL,0.95,buy_no_all,180,60,-0.0035643333333333378,-0.0035643333333333378,-0.0035643333333333378,1.0,1.0,0.6699999999999999,-0.0035643333333333365,1.0,-0.0035643333333333365,-0.0035643333333333365,-0.0035643333333333365,1.0,False,False,Dallas Maximum Temperature,Climate and Weather
KXHIGHTDAL,0.95,buy_yes_all,180,60,-0.007187994444444443,-0.00730665,-0.007128666666666664,1.0,1.0,0.3400555555555555,-0.007128666666666669,1.0,-0.007247322222222224,-0.007484633333333336,-0.007128666666666669,1.0,False,False,Dallas Maximum Temperature,Climate and Weather
KXHIGHTDAL,0.95,longshot_no_lt10,120,60,0.0,0.0,0.0,1.0,1.0,1.0,0.0,1.0,0.0,0.0,0.0,1.0,False,False,Dallas Maximum Temperature,Climate and Weather
KXHIGHTDAL,0.95,favorite_yes_gt90,60,60,0.0,0.0,0.0,1.0,1.0,1.0,0.0,1.0,0.0,0.0,0.0,1.0,False,False,Dallas Maximum Temperature,Climate and Weather
KXHIGHTDC,0.5,buy_no_all,169,57,-0.06648302958579883,-0.08241044369594144,-0.047844793857053904,1.0,1.0,0.7294674556213017,-0.07452242352941175,1.0,-0.058347928571428564,-0.07873545178571428,-0.034762741666666694,1.0,False,False,Washington DC Daily Max Temp,Climate and Weather
KXHIGHTDC,0.5,buy_yes_all,169,57,0.007687319526627213,-0.010162512924151698,0.024520155177514776,0.4493225284602908,0.20133333333333334,0.3052662721893491,0.017135470588235287,0.08733333333333333,-0.0018733095238095245,-0.02362950744047619,0.018886546726190463,0.5790085371490208,False,False,Washington DC Daily Max Temp,Climate and Weather
KXHIGHTDC,0.8,buy_no_all,169,57,-0.020125207100591715,-0.02608948343195266,-0.015059501097804392,1.0,1.0,0.6911242603550296,-0.01987234117647059,1.0,-0.020381083333333334,-0.02976560595238095,-0.01308750386904762,1.0,False,False,Washington DC Daily Max Temp,Climate and Weather
KXHIGHTDC,0.8,buy_yes_all,169,57,-0.01594514201183432,-0.019551500000000003,-0.012550337672024377,1.0,1.0,0.3376923076923076,-0.013963211764705878,1.0,-0.017950666666666667,-0.023382147916666665,-0.013204891369047619,1.0,False,False,Washington DC Daily Max Temp,Climate and Weather
KXHIGHTDC,0.8,longshot_no_lt10,95,55,0.004711031578947373,0.0027799152774731326,0.007009962771739133,0.7712682890657427,0.0,0.9949473684210526,0.004763133333333338,0.0,0.004664140000000004,0.0017845446808510655,0.008038860029411768,0.8773042467495268,False,False,Washington DC Daily Max Temp,Climate and Weather
KXHIGHTDC,0.95,buy_no_all,169,57,-0.003479970414201187,-0.003649706586826351,-0.003251672514619887,1.0,1.0,0.6778106508875739,-0.0035224000000000032,1.0,-0.0034370357142857176,-0.003564333333333337,-0.0031824404761904793,1.0,False,False,Washington DC Daily Max Temp,Climate and Weather
KXHIGHTDC,0.95,buy_yes_all,169,57,-0.007213029585798816,-0.007441327485380117,-0.007043293413173652,1.0,1.0,0.332189349112426,-0.007170600000000001,1.0,-0.007255964285714287,-0.007510559523809525,-0.007128666666666668,1.0,False,False,Washington DC Daily Max Temp,Climate and Weather
KXHIGHTDC,0.95,longshot_no_lt10,114,56,0.0,0.0,0.0,1.0,1.0,1.0,0.0,1.0,0.0,0.0,0.0,1.0,False,False,Washington DC Daily Max Temp,Climate and Weather
KXHIGHTDC,0.95,favorite_yes_gt90,55,55,0.0,0.0,0.0,1.0,1.0,1.0,0.0,1.0,0.0,0.0,0.0,1.0,False,False,Washington DC Daily Max Temp,Climate and Weather
KXHIGHTEWR,0.5,buy_no_all,114,40,-0.19165942105263156,-0.23098378230363983,-0.15453072039194915,1.0,1.0,0.851578947368421,-0.2326958771929825,1.0,-0.1506229649122807,-0.1866633315789474,-0.11997791315789476,1.0,False,False,"Newark, NJ (EWR) Daily Max Temp",Climate and Weather
KXHIGHTEWR,0.5,buy_yes_all,114,40,-0.18535466666666667,-0.2638956490112994,-0.1099275252192983,1.0,1.0,0.5078947368421053,-0.3129488596491228,1.0,-0.05776047368421053,-0.14821068114035088,0.013668537719298234,0.9346666666666666,False,False,"Newark, NJ (EWR) Daily Max Temp",Climate and Weather
KXHIGHTEWR,0.8,buy_no_all,115,40,-0.1370926347826087,-0.18717119811374733,-0.09345640755406198,1.0,1.0,0.7955652173913045,-0.21781812068965517,1.0,-0.05495091228070176,-0.09857277543859651,-0.020272300000000014,1.0,False,False,"Newark, NJ (EWR) Daily Max Temp",Climate and Weather
KXHIGHTEWR,0.8,buy_yes_all,115,40,-0.055176678260869555,-0.09591473189388355,-0.017954752266899767,1.0,1.0,0.3914782608695651,-0.09840303448275861,0.998,-0.011191964912280698,-0.03055031403508772,0.014273897807017499,0.8353333333333334,False,False,"Newark, NJ (EWR) Daily Max Temp",Climate and Weather
KXHIGHTEWR,0.8,longshot_no_lt10,64,36,0.0017487812500000016,0.00016046551724137944,0.003557930301724136,0.938932922363616,0.008666666666666666,0.998125,0.00193041379310345,0.112,0.0015982857142857155,0.0,0.003885261145510828,0.9700654627661114,False,False,"Newark, NJ (EWR) Daily Max Temp",Climate and Weather
KXHIGHTEWR,0.95,buy_no_all,102,40,-0.027015303921568628,-0.05396175558252427,-0.008954750476190479,1.0,1.0,0.6732352941176473,-0.047155943396226405,1.0,-0.0052305306122448995,-0.00827281632653061,-0.003341562500000003,1.0,False,False,"Newark, NJ (EWR) Daily Max Temp",Climate and Weather
KXHIGHTEWR,0.95,buy_yes_all,102,40,-0.015225833333333333,-0.031710906114718614,-0.006561974140953718,1.0,1.0,0.36754901960784303,-0.022618754716981125,1.0,-0.007229408163265306,-0.0075954255319148935,-0.006934479166666667,1.0,False,False,"Newark, NJ (EWR) Daily Max Temp",Climate and Weather
KXHIGHTEWR,0.95,longshot_no_lt10,65,35,0.0,0.0,0.0,1.0,1.0,1.0,0.0,1.0,0.0,0.0,0.0,1.0,False,False,"Newark, NJ (EWR) Daily Max Temp",Climate and Weather
KXHIGHTHOU,0.5,buy_no_all,180,60,-0.05781667222222222,-0.07104757444444446,-0.04689404375000002,1.0,1.0,0.7125,-0.05609584444444445,1.0,-0.059537500000000014,-0.07581920166666667,-0.045989441388888906,1.0,False,False,Daily High Temperature Houston,Climate and Weather
KXHIGHTHOU,0.5,buy_yes_all,180,60,0.010143261111111114,-0.002100404999999999,0.02459070999999998,0.4815286005289936,0.05333333333333334,0.3106111111111111,0.004914766666666664,0.3526666666666667,0.015371755555555557,0.0009751044444444462,0.03272942055555553,0.4964048146131872,False,False,Daily High Temperature Houston,Climate and Weather
KXHIGHTHOU,0.8,buy_no_all,180,60,-0.015612561111111112,-0.020848815277777776,-0.010929774305555567,1.0,1.0,0.6801666666666667,-0.02044726666666667,1.0,-0.01077785555555556,-0.015344161666666674,-0.006691838888888894,1.0,False,False,Daily High Temperature Houston,Climate and Weather
KXHIGHTHOU,0.8,buy_yes_all,180,60,-0.014228194444444448,-0.018431348888888893,-0.010046292777777778,1.0,1.0,0.34527777777777774,-0.014324911111111109,1.0,-0.014131477777777774,-0.018370978333333333,-0.01042144416666667,1.0,False,False,Daily High Temperature Houston,Climate and Weather
KXHIGHTHOU,0.8,longshot_no_lt10,112,60,0.0029962857142857165,0.0016088390909090922,0.004581404824561407,0.8352309430172709,0.0,0.9967857142857144,0.00440756363636364,0.0,0.0016345263157894752,0.00033239285714285744,0.003269427192982459,0.9521088539521104,False,False,Daily High Temperature Houston,Climate and Weather
KXHIGHTHOU,0.8,favorite_yes_gt90,51,51,0.0067653137254902,0.003475679411764707,0.01061153235294118,0.7073685850028303,0.0,0.9927450980392157,0.011271041666666674,0.0,0.0027602222222222247,0.000344703703703704,0.005701854629629587,0.9280877023486216,False,False,Daily High Temperature Houston,Climate and Weather
KXHIGHTHOU,0.95,buy_no_all,179,60,-0.0035842458100558707,-0.003624745762711869,-0.0035643333333333378,1.0,1.0,0.6681564245810055,-0.003603076086956525,1.0,-0.0035643333333333365,-0.0035643333333333365,-0.0035643333333333365,1.0,False,False,Daily High Temperature Houston,Climate and Weather
KXHIGHTHOU,0.95,buy_yes_all,179,60,-0.007108754189944132,-0.007128666666666664,-0.007068254237288134,1.0,1.0,0.3418435754189944,-0.007089923913043481,1.0,-0.007128666666666669,-0.007128666666666669,-0.007128666666666669,1.0,False,False,Daily High Temperature Houston,Climate and Weather
KXHIGHTHOU,0.95,longshot_no_lt10,119,60,0.0,0.0,0.0,1.0,1.0,1.0,0.0,1.0,0.0,0.0,0.0,1.0,False,False,Daily High Temperature Houston,Climate and Weather
KXHIGHTHOU,0.95,favorite_yes_gt90,60,60,0.0,0.0,0.0,1.0,1.0,1.0,0.0,1.0,0.0,0.0,0.0,1.0,False,False,Daily High Temperature Houston,Climate and Weather
KXHIGHTLV,0.5,buy_no_all,174,59,-0.040808178160919535,-0.052285249875706215,-0.03142472399999999,1.0,1.0,0.6966091954022988,-0.04435275280898875,1.0,-0.037096799999999985,-0.05232910373563217,-0.02465212544928894,1.0,False,False,Las Vegas Max Daily Temperature,Climate and Weather
KXHIGHTLV,0.5,buy_yes_all,174,59,-0.0020840919540229892,-0.011950832476744187,0.009757279642128512,0.6606666666666666,0.6606666666666666,0.3241379310344828,-0.001661921348314607,0.604,-0.0025261294117647068,-0.01580230886996261,0.014097075588235282,0.6644766911328173,False,False,Las Vegas Max Daily Temperature,Climate and Weather
KXHIGHTLV,0.5,longshot_no_lt10,51,48,-0.04603178431372547,-0.12053100390271491,0.014136540747549022,0.9304132120351134,0.9093333333333333,0.9652941176470587,-0.09193970833333331,0.9613333333333334,-0.005224740740740714,-0.07577314999999997,0.03772499230769233,0.5793333333333334,False,False,Las Vegas Max Daily Temperature,Climate and Weather
KXHIGHTLV,0.8,buy_no_all,174,59,-0.019814132183908047,-0.02389905905172414,-0.01611944804666488,1.0,1.0,0.6821264367816092,-0.01803761797752809,1.0,-0.021674247058823534,-0.027042845466531445,-0.016480205172413796,1.0,False,False,Las Vegas Max Daily Temperature,Climate and Weather
KXHIGHTLV,0.8,buy_yes_all,174,59,-0.018760971264367817,-0.02274201455000672,-0.014953011400034003,1.0,1.0,0.34752873563218384,-0.017013786516853934,1.0,-0.020590376470588232,-0.0257651625090777,-0.01519913649425287,1.0,False,False,Las Vegas Max Daily Temperature,Climate and Weather
KXHIGHTLV,0.8,longshot_no_lt10,93,59,-0.003531311827956984,-0.025870169009216588,0.008364826209677415,0.9319091634837168,0.6246666666666667,0.9922580645161291,-0.013625391304347822,0.648,0.006348000000000004,0.0033884840909090934,0.00950622692307693,0.8313712835500549,False,False,Las Vegas Max Daily Temperature,Climate and Weather
KXHIGHTLV,0.95,buy_no_all,174,59,-0.003625706896551728,-0.0037701213872832415,-0.003522400000000004,1.0,1.0,0.6700574712643677,-0.003724370786516858,1.0,-0.0035224000000000032,-0.0035643333333333365,-0.003432320987654324,1.0,False,False,Las Vegas Max Daily Temperature,Climate and Weather
KXHIGHTLV,0.95,buy_yes_all,174,59,-0.007312706896551723,-0.007641650747508304,-0.007108063583815027,1.0,1.0,0.3401724137931034,-0.007208606741573035,1.0,-0.007421705882352944,-0.007986024096385545,-0.007128666666666669,1.0,False,False,Las Vegas Max Daily Temperature,Climate and Weather
KXHIGHTLV,0.95,longshot_no_lt10,116,59,0.0,0.0,0.0,1.0,1.0,1.0,0.0,1.0,0.0,0.0,0.0,1.0,False,False,Las Vegas Max Daily Temperature,Climate and Weather
KXHIGHTLV,0.95,favorite_yes_gt90,58,58,0.0,0.0,0.0,1.0,1.0,1.0,0.0,1.0,0.0,0.0,0.0,1.0,False,False,Las Vegas Max Daily Temperature,Climate and Weather
KXHIGHTMIN,0.5,buy_no_all,180,60,-0.08684294444444443,-0.10818264430555555,-0.0649686543055556,1.0,1.0,0.7542222222222221,-0.09909293333333334,1.0,-0.07459295555555556,-0.10429681083333334,-0.046970785833333376,1.0,False,False,Minneapolis Daily High Temperature,Climate and Weather
KXHIGHTMIN,0.5,buy_yes_all,180,60,0.04297963333333332,0.020421031388888882,0.06583090819444444,0.3023396223304888,0.0,0.2681111111111111,0.0531105111111111,0.0006666666666666666,0.03284875555555555,0.002493521388888882,0.06527150777777777,0.36155880432682175,False,False,Minneapolis Daily High Temperature,Climate and Weather
KXHIGHTMIN,0.5,longshot_no_lt10,44,34,-0.2120044318181818,-0.3264818389689579,-0.10139389663248335,1.0,1.0,0.9593181818181816,-0.2779544736842105,0.9986666666666667,-0.1618824,-0.3132755258260869,-0.03738202333333333,0.9995457175526801,False,False,Minneapolis Daily High Temperature,Climate and Weather
KXHIGHTMIN,0.8,buy_no_all,180,60,-0.017037272222222222,-0.022346131666666665,-0.012674723472222222,1.0,1.0,0.6923888888888889,-0.018575344444444444,1.0,-0.0154992,-0.019966120833333333,-0.011347259444444448,1.0,False,False,Minneapolis Daily High Temperature,Climate and Weather
KXHIGHTMIN,0.8,buy_yes_all,180,60,-0.014835288888888888,-0.01869261125,-0.01178973236111111,1.0,1.0,0.33455555555555555,-0.014422033333333327,1.0,-0.015248544444444439,-0.01881798055555555,-0.01193847111111111,1.0,False,False,Minneapolis Daily High Temperature,Climate and Weather
KXHIGHTMIN,0.8,longshot_no_lt10,109,60,0.004706339449541288,0.0026939750000000025,0.007061978504672902,0.7534844123199632,0.0,0.9949541284403669,0.005010648148148152,0.0,0.00440756363636364,0.0019973446428571445,0.007082117592592598,0.875886145458906,False,False,Minneapolis Daily High Temperature,Climate and Weather
KXHIGHTMIN,0.8,favorite_yes_gt90,45,45,0.012433600000000008,0.007971702777777786,0.0172020688888889,0.5694869118140594,0.0,0.9866666666666666,0.01441536363636365,0.0,0.01053800000000001,0.005267463043478265,0.01621869782608697,0.7837539776074874,False,False,Minneapolis Daily High Temperature,Climate and Weather
KXHIGHTMIN,0.95,buy_no_all,180,60,-0.004778177777777782,-0.006491400833333336,-0.0035048500000000042,1.0,1.0,0.6819999999999999,-0.0034455222222222253,1.0,-0.006110833333333338,-0.009700943333333338,-0.003564177777777781,1.0,False,False,Minneapolis Daily High Temperature,Climate and Weather
KXHIGHTMIN,0.95,buy_yes_all,180,60,-0.008603294444444444,-0.010699530555555555,-0.007247477777777777,1.0,1.0,0.33005555555555555,-0.007247477777777779,1.0,-0.009959111111111113,-0.013846960277777777,-0.007247477777777779,1.0,False,False,Minneapolis Daily High Temperature,Climate and Weather
KXHIGHTMIN,0.95,longshot_no_lt10,119,60,0.0,0.0,0.0,1.0,1.0,1.0,0.0,1.0,0.0,0.0,0.0,1.0,False,False,Minneapolis Daily High Temperature,Climate and Weather
KXHIGHTMIN,0.95,favorite_yes_gt90,56,56,0.0006655357142857149,0.0,0.001830410714285716,0.9634040241518499,0.12933333333333333,0.9992857142857143,0.0,1.0,0.0013803703703703716,0.0,0.0036326731481481044,0.9633911732616729,False,False,Minneapolis Daily High Temperature,Climate and Weather
KXHIGHTNOLA,0.5,buy_no_all,180,60,-0.04899344444444445,-0.05824580375,-0.04060599416666667,1.0,1.0,0.7035555555555556,-0.04881864444444445,1.0,-0.049168244444444446,-0.06040481666666665,-0.03952389250000001,1.0,False,False,New Orleans Max temp Daily,Climate and Weather
KXHIGHTNOLA,0.5,buy_yes_all,180,60,0.001710605555555555,-0.006799705416666665,0.011709042777777758,0.5372248265200693,0.366,0.3189444444444444,-0.0028675333333333347,0.6793333333333333,0.006288744444444446,-0.005232897500000007,0.018894084444444428,0.5391378011815383,False,False,New Orleans Max temp Daily,Climate and Weather
KXHIGHTNOLA,0.8,buy_no_all,180,60,-0.0067860388888888925,-0.009202048750000002,-0.004877680277777783,1.0,1.0,0.672611111111111,-0.00662197777777778,1.0,-0.006950100000000006,-0.011404161666666674,-0.003831896111111115,1.0,False,False,New Orleans Max temp Daily,Climate and Weather
KXHIGHTNOLA,0.8,buy_yes_all,180,60,-0.009922416666666666,-0.01203395652777778,-0.008088577222222221,1.0,1.0,0.3421666666666666,-0.008702744444444445,1.0,-0.011142088888888891,-0.015098971666666666,-0.00807346666666667,1.0,False,False,New Orleans Max temp Daily,Climate and Weather
KXHIGHTNOLA,0.8,longshot_no_lt10,117,60,0.0015145042735042749,0.00047364957627118683,0.0028465483050847482,0.9130732809826705,0.0,0.9983760683760684,0.0026876101694915276,0.004666666666666667,0.0003211724137931037,0.0,0.0009896124999999984,0.9904095643695311,False,False,New Orleans Max temp Daily,Climate and Weather
KXHIGHTNOLA,0.8,favorite_yes_gt90,57,57,0.0037623333333333367,0.00147222807017544,0.00687252631578948,0.8066564316875511,0.0,0.9959649122807018,0.0061107241379310395,0.002,0.0013300714285714298,0.0,0.0029930357142857167,0.9634190712144356,False,False,New Orleans Max temp Daily,Climate and Weather
KXHIGHTNOLA,0.95,buy_no_all,180,60,-0.0036236611111111158,-0.003742316666666672,-0.0035643333333333378,1.0,1.0,0.6700555555555555,-0.003682988888888893,1.0,-0.0035643333333333365,-0.0035643333333333365,-0.0035643333333333365,1.0,False,False,New Orleans Max temp Daily,Climate and Weather
KXHIGHTNOLA,0.95,buy_yes_all,180,60,-0.007128666666666664,-0.007128666666666664,-0.007128666666666664,1.0,1.0,0.3399999999999999,-0.007128666666666669,1.0,-0.007128666666666669,-0.007128666666666669,-0.007128666666666669,1.0,False,False,New Orleans Max temp Daily,Climate and Weather
KXHIGHTNOLA,0.95,longshot_no_lt10,120,60,0.0,0.0,0.0,1.0,1.0,1.0,0.0,1.0,0.0,0.0,0.0,1.0,False,False,New Orleans Max temp Daily,Climate and Weather
KXHIGHTNOLA,0.95,favorite_yes_gt90,60,60,0.0,0.0,0.0,1.0,1.0,1.0,0.0,1.0,0.0,0.0,0.0,1.0,False,False,New Orleans Max temp Daily,Climate and Weather
KXHIGHTOKC,0.5,buy_no_all,180,60,-0.07858173333333333,-0.09346133541666664,-0.06525248527777779,1.0,1.0,0.7336666666666665,-0.0867185,1.0,-0.07044496666666666,-0.08699699805555555,-0.054352863055555554,1.0,False,False,Oklahoma City Maximum High Temperature,Climate and Weather
KXHIGHTOKC,0.5,buy_yes_all,180,60,0.033862977777777775,0.019543250138888895,0.04971385902777777,0.32756047231759466,0.0,0.2872222222222222,0.042583055555555555,0.0,0.025142899999999996,0.007630304444444446,0.04380101388888887,0.4500058752462962,False,False,Oklahoma City Maximum High Temperature,Climate and Weather
KXHIGHTOKC,0.8,buy_no_all,180,60,-0.014175927777777776,-0.017811438333333336,-0.010873559861111118,1.0,1.0,0.6786111111111109,-0.01597398888888889,1.0,-0.012377866666666666,-0.01786011861111111,-0.008000184722222225,1.0,False,False,Oklahoma City Maximum High Temperature,Climate and Weather
KXHIGHTOKC,0.8,buy_yes_all,180,60,-0.015723616666666673,-0.019485969305555555,-0.012433116250000004,1.0,1.0,0.3466111111111111,-0.017933299999999996,1.0,-0.01351393333333333,-0.018802229166666667,-0.009752983333333343,1.0,False,False,Oklahoma City Maximum High Temperature,Climate and Weather
KXHIGHTOKC,0.8,longshot_no_lt10,108,60,0.005186111111111114,0.0026771509259259285,0.007868939543856642,0.7319988473334812,0.0,0.9944444444444444,0.005974680000000003,0.0,0.0045063103448275904,0.0016085836206896566,0.008247590833333339,0.8732836768925889,False,False,Oklahoma City Maximum High Temperature,Climate and Weather
KXHIGHTOKC,0.8,favorite_yes_gt90,47,47,0.012507808510638301,0.007342984042553196,0.01807677765957447,0.553455232556372,0.0,0.986595744680851,0.01633415000000001,0.0,0.009673481481481486,0.0044827037037037075,0.016256361111111114,0.7691606022263303,False,False,Oklahoma City Maximum High Temperature,Climate and Weather
KXHIGHTOKC,0.95,buy_no_all,180,60,-0.0036236611111111158,-0.0038016444444444494,-0.0035643333333333378,1.0,1.0,0.6700555555555555,-0.0035643333333333365,1.0,-0.003682988888888893,-0.003920300000000003,-0.0035643333333333365,1.0,False,False,Oklahoma City Maximum High Temperature,Climate and Weather
KXHIGHTOKC,0.95,buy_yes_all,180,60,-0.007187994444444443,-0.0073659777777777755,-0.007128666666666664,1.0,1.0,0.3400555555555555,-0.007128666666666669,1.0,-0.007247322222222224,-0.007484633333333336,-0.007128666666666669,1.0,False,False,Oklahoma City Maximum High Temperature,Climate and Weather
KXHIGHTOKC,0.95,longshot_no_lt10,120,60,0.0,0.0,0.0,1.0,1.0,1.0,0.0,1.0,0.0,0.0,0.0,1.0,False,False,Oklahoma City Maximum High Temperature,Climate and Weather
KXHIGHTOKC,0.95,favorite_yes_gt90,60,60,0.0,0.0,0.0,1.0,1.0,1.0,0.0,1.0,0.0,0.0,0.0,1.0,False,False,Oklahoma City Maximum High Temperature,Climate and Weather
KXHIGHTPHX,0.5,buy_no_all,180,60,-0.035813455555555554,-0.050526826250000004,-0.021475840277777783,1.0,1.0,0.7133333333333334,-0.03865732222222222,1.0,-0.03296958888888889,-0.058714871388888874,-0.006134472500000021,0.9906666666666667,False,False,Phoenix High Temperature Daily,Climate and Weather
KXHIGHTPHX,0.5,buy_yes_all,180,60,-0.005750777777777779,-0.01987857291666667,0.008321358333333324,0.7953333333333333,0.7953333333333333,0.30500000000000005,-0.00562256666666667,0.76,-0.00587898888888889,-0.03222148027777778,0.019359479444444425,0.6633333333333333,False,False,Phoenix High Temperature Daily,Climate and Weather
KXHIGHTPHX,0.5,longshot_no_lt10,46,43,-0.022566391304347816,-0.0968892775974026,0.04162374757905139,0.8900064324379984,0.712,0.9543478260869563,-0.009840599999999991,0.6353333333333333,-0.03235546153846153,-0.14500257614285716,0.04924926346153847,0.7263922196454644,False,False,Phoenix High Temperature Daily,Climate and Weather
KXHIGHTPHX,0.8,buy_no_all,180,60,-0.021727138888888883,-0.02676466944444443,-0.016958041527777776,1.0,1.0,0.7047222222222224,-0.02476007777777776,1.0,-0.018694199999999998,-0.02581664749999999,-0.011327053888888888,1.0,False,False,Phoenix High Temperature Daily,Climate and Weather
KXHIGHTPHX,0.8,buy_yes_all,180,60,-0.018888655555555554,-0.02377449555555555,-0.014559473750000013,1.0,1.0,0.3237777777777777,-0.019979211111111114,1.0,-0.017798099999999997,-0.023744846111111106,-0.011563074722222242,1.0,False,False,Phoenix High Temperature Daily,Climate and Weather
KXHIGHTPHX,0.8,longshot_no_lt10,87,58,-0.01151026436781608,-0.04559992585227272,0.012232223928571434,0.8566807211505137,0.748,0.9877011494252873,-0.008406461538461522,0.6073333333333333,-0.014032104166666663,-0.05817795598713508,0.008736502105978266,0.9833731126992283,False,False,Phoenix High Temperature Daily,Climate and Weather
KXHIGHTPHX,0.95,buy_no_all,180,60,-0.0035605555555555594,-0.004145261111111115,-0.003148494444444448,1.0,1.0,0.692111111111111,-0.0034455222222222253,1.0,-0.0036755888888888913,-0.004848588888888892,-0.0028514666666666693,1.0,False,False,Phoenix High Temperature Daily,Climate and Weather
KXHIGHTPHX,0.95,buy_yes_all,180,60,-0.007823288888888887,-0.008709222916666664,-0.007247399999999998,1.0,1.0,0.3183333333333333,-0.007247477777777779,1.0,-0.008399100000000001,-0.010328874444444445,-0.007247477777777779,1.0,False,False,Phoenix High Temperature Daily,Climate and Weather
KXHIGHTPHX,0.95,longshot_no_lt10,123,60,0.0,0.0,0.0,1.0,1.0,1.0,0.0,1.0,0.0,0.0,0.0,1.0,False,False,Phoenix High Temperature Daily,Climate and Weather
KXHIGHTPHX,0.95,favorite_yes_gt90,55,55,0.0,0.0,0.0,1.0,1.0,1.0,0.0,1.0,0.0,0.0,0.0,1.0,False,False,Phoenix High Temperature Daily,Climate and Weather
KXHIGHTSAN,0.5,buy_no_all,133,48,-0.19200692481203008,-0.23599290776666668,-0.1497342236801244,1.0,1.0,0.8620300751879699,-0.26207516417910454,1.0,-0.12087704545454545,-0.1493373196969697,-0.090512006439394,1.0,False,False,High Temperature San Diego,Climate and Weather
KXHIGHTSAN,0.5,buy_yes_all,133,48,-0.21663001503759396,-0.2972039489407004,-0.13843364813296657,1.0,1.0,0.5288721804511278,-0.4369290298507463,1.0,0.0070068636363636375,-0.023231768181818182,0.04129119621212119,0.5515378251100179,False,False,High Temperature San Diego,Climate and Weather
KXHIGHTSAN,0.8,buy_no_all,133,48,-0.08670863909774436,-0.12227903408104825,-0.055999013781646456,1.0,1.0,0.7605263157894737,-0.12663722388059703,1.0,-0.04617507575757575,-0.07855171212121213,-0.015719942424242458,0.9993333333333333,False,False,High Temperature San Diego,Climate and Weather
KXHIGHTSAN,0.8,buy_yes_all,133,48,-0.08930534586466164,-0.13351849851320324,-0.05139712106060616,1.0,1.0,0.4096992481203008,-0.1498495223880597,1.0,-0.027843833333333328,-0.04410780454545455,-0.014727014393939393,1.0,False,False,High Temperature San Diego,Climate and Weather
KXHIGHTSAN,0.8,longshot_no_lt10,71,41,-0.011720056338028167,-0.04082172409420289,0.003578778766968326,0.9956882317993297,0.634,0.9974647887323945,0.00342236666666667,0.011333333333333334,-0.022799878048780486,-0.07220439999999999,0.0017732702380952397,0.9655900630480778,False,False,High Temperature San Diego,Climate and Weather
KXHIGHTSAN,0.95,buy_no_all,115,45,-0.026747208695652173,-0.04434705909880834,-0.012167770727136437,1.0,1.0,0.6689565217391303,-0.04971474137931034,1.0,-0.003376736842105266,-0.0035643333333333365,-0.0030015438596491255,1.0,False,False,High Temperature San Diego,Climate and Weather
KXHIGHTSAN,0.95,buy_yes_all,115,45,-0.032771243478260874,-0.061526369479082854,-0.009797722560975608,1.0,1.0,0.3884347826086955,-0.057787344827586205,1.0,-0.007316263157894739,-0.0076914561403508795,-0.007128666666666669,1.0,False,False,High Temperature San Diego,Climate and Weather
KXHIGHTSAN,0.95,longshot_no_lt10,70,37,0.00026591428571428596,0.0,0.0008334626865671649,0.990208118790916,0.364,0.9997142857142858,0.0006004516129032263,0.37066666666666664,0.0,0.0,0.0,1.0,False,False,High Temperature San Diego,Climate and Weather
KXHIGHTSATX,0.5,buy_no_all,180,60,-0.043762711111111116,-0.05238781583333334,-0.03625616486111111,1.0,1.0,0.6992222222222222,-0.04450526666666667,1.0,-0.04302015555555555,-0.05675496222222222,-0.031610026388888886,1.0,False,False,San Antonio Daily Maximum Temperature,Climate and Weather
KXHIGHTSATX,0.5,buy_yes_all,180,60,-0.0016850222222222267,-0.008997192083333338,0.007113513055555544,0.672,0.672,0.32333333333333336,-0.0034471777777777836,0.7826666666666666,7.71333333333306e-05,-0.011762879444444445,0.014564371388888882,0.5679015262230815,False,False,San Antonio Daily Maximum Temperature,Climate and Weather
KXHIGHTSATX,0.5,longshot_no_lt10,43,42,-0.0004540465116278842,-0.06756594255813951,0.04782356785714287,0.6948958361650917,0.47533333333333333,0.9506976744186048,0.0044697391304347935,0.36533333333333334,-0.006116399999999966,-0.09265638181818177,0.047677913157894755,0.7980383266628628,False,False,San Antonio Daily Maximum Temperature,Climate and Weather
KXHIGHTSATX,0.8,buy_no_all,180,60,-0.023882705555555554,-0.033991994722222224,-0.016410152500000007,1.0,1.0,0.6870555555555555,-0.025482299999999996,1.0,-0.022283111111111115,-0.03897478972222222,-0.011629897777777787,1.0,False,False,San Antonio Daily Maximum Temperature,Climate and Weather
KXHIGHTSATX,0.8,buy_yes_all,180,60,-0.016240027777777777,-0.024466729027777776,-0.006462397222222223,1.0,1.0,0.34594444444444444,-0.02201945555555555,1.0,-0.010460599999999997,-0.020880932222222218,0.006125603888888886,0.9246666666666666,False,False,San Antonio Daily Maximum Temperature,Climate and Weather
KXHIGHTSATX,0.8,longshot_no_lt10,104,60,-0.002257788461538456,-0.02302620167963224,0.008937903805715307,0.6420508286729025,0.6066666666666667,0.9921153846153847,0.008434980769230776,0.0,-0.012950557692307692,-0.053033315306122444,0.007913529771407836,0.8277861335981326,False,False,San Antonio Daily Maximum Temperature,Climate and Weather
KXHIGHTSATX,0.8,favorite_yes_gt90,44,44,-0.0021526136363636283,-0.04994475909090908,0.024505303977272706,0.7709249123591357,0.54,0.9779545454545453,0.025030954545454554,0.0,-0.029336181818181817,-0.12004367386363633,0.020367304545454552,0.9515106752623309,False,False,San Antonio Daily Maximum Temperature,Climate and Weather
KXHIGHTSATX,0.95,buy_no_all,180,60,-0.003512627777777782,-0.0035643333333333378,-0.003409216666666671,1.0,1.0,0.6699444444444443,-0.0035643333333333365,1.0,-0.0034609222222222254,-0.0035643333333333365,-0.003254100000000003,1.0,False,False,San Antonio Daily Maximum Temperature,Climate and Weather
KXHIGHTSATX,0.95,buy_yes_all,180,60,-0.007247244444444443,-0.007484399999999999,-0.007128666666666664,1.0,1.0,0.34011111111111103,-0.007128666666666669,1.0,-0.007365822222222224,-0.007840133333333334,-0.007128666666666669,1.0,False,False,San Antonio Daily Maximum Temperature,Climate and Weather
KXHIGHTSATX,0.95,longshot_no_lt10,120,60,7.75583333333334e-05,0.0,0.0002326750000000002,0.995357131125031,0.40066666666666667,0.9999166666666668,0.0,1.0,0.0001551166666666668,0.0,0.0004653500000000004,0.9953569514761759,False,False,San Antonio Daily Maximum Temperature,Climate and Weather
KXHIGHTSATX,0.95,favorite_yes_gt90,60,60,0.0,0.0,0.0,1.0,1.0,1.0,0.0,1.0,0.0,0.0,0.0,1.0,False,False,San Antonio Daily Maximum Temperature,Climate and Weather
KXHIGHTSDF,0.5,buy_no_all,101,38,-0.2541742475247525,-0.31090204237113406,-0.2071080143564994,1.0,1.0,0.8828712871287129,-0.32781820754716984,1.0,-0.17285904166666666,-0.21671785520833334,-0.12579260625,1.0,False,False,HIGHEST Temperature SATX,Climate and Weather
KXHIGHTSDF,0.5,buy_yes_all,101,38,-0.1956111782178218,-0.27959207216386556,-0.11494792231394131,1.0,1.0,0.5539603960396039,-0.3408478867924528,1.0,-0.03524564583333333,-0.10947988958333334,0.025903375520833237,0.8393333333333334,False,False,HIGHEST Temperature SATX,Climate and Weather
KXHIGHTSDF,0.8,buy_no_all,102,38,-0.15170885294117645,-0.20714966469072166,-0.1029486083333334,1.0,1.0,0.7955882352941176,-0.24194039215686275,1.0,-0.061477313725490194,-0.11244241911764706,-0.02456805882352943,1.0,False,False,HIGHEST Temperature SATX,Climate and Weather
KXHIGHTSDF,0.8,buy_yes_all,102,38,-0.0855195784313725,-0.13362698362290557,-0.04650130419140134,1.0,1.0,0.4351960784313724,-0.138254137254902,1.0,-0.03278501960784313,-0.07145117303921568,-0.008471186764705882,1.0,False,False,HIGHEST Temperature SATX,Climate and Weather
KXHIGHTSDF,0.8,longshot_no_lt10,54,33,0.0036282037037037064,0.0010711726670870124,0.00678758810235959,0.8869661562015985,0.0,0.9961111111111111,0.004198650000000003,0.01,0.003292647058823532,0.0005099176051051056,0.007309097727272721,0.9454754505420959,False,False,HIGHEST Temperature SATX,Climate and Weather
KXHIGHTSDF,0.95,buy_no_all,96,38,-0.015038885416666675,-0.03820104899621212,-0.0039018141875000038,1.0,1.0,0.6396875,-0.025453180000000013,1.0,-0.0037190000000000036,-0.004415616304347831,-0.003089088888888892,1.0,False,False,HIGHEST Temperature SATX,Climate and Weather
KXHIGHTSDF,0.95,buy_yes_all,96,38,-0.011914124999999996,-0.02380997289857103,-0.00619532777138158,1.0,1.0,0.3862499999999999,-0.01624546,1.0,-0.007206152173913044,-0.00773536170212766,-0.006804636363636363,1.0,False,False,HIGHEST Temperature SATX,Climate and Weather
KXHIGHTSDF,0.95,longshot_no_lt10,59,33,0.0,0.0,0.0,1.0,1.0,1.0,0.0,1.0,0.0,0.0,0.0,1.0,False,False,HIGHEST Temperature SATX,Climate and Weather
KXHIGHTSEA,0.5,buy_no_all,172,58,-0.05596474418604651,-0.07175402097701149,-0.03919391769102993,1.0,1.0,0.724767441860465,-0.059649249999999994,1.0,-0.05210478571428572,-0.0732797875,-0.03100771904761907,1.0,False,False,Seattle Maximum Temperature Daily,Climate and Weather
KXHIGHTSEA,0.5,buy_yes_all,172,58,0.013884145348837208,-0.003344425902165204,0.029453100037650594,0.4076491174837597,0.05733333333333333,0.2938953488372093,0.015160181818181812,0.128,0.012547345238095238,-0.007967961607142858,0.03375876130952381,0.5136136068332278,False,False,Seattle Maximum Temperature Daily,Climate and Weather
KXHIGHTSEA,0.5,longshot_no_lt10,41,39,-0.003895536585365836,-0.08069120605182924,0.048822231250000014,0.7454290507387685,0.5686666666666667,0.9519512195121952,-0.06151173684210524,0.8626666666666667,0.0458639090909091,0.03735728619565218,0.05472376874999999,0.39102675459424396,False,False,Seattle Maximum Temperature Daily,Climate and Weather
KXHIGHTSEA,0.8,buy_no_all,172,58,-0.0199651976744186,-0.026983535901162783,-0.012005990130121815,1.0,1.0,0.6936046511627907,-0.018942374999999994,0.994,-0.021036726190476192,-0.027645853273809518,-0.013131705654761912,1.0,False,False,Seattle Maximum Temperature Daily,Climate and Weather
KXHIGHTSEA,0.8,buy_yes_all,172,58,-0.022555250000000002,-0.03101583321819426,-0.01609213123997594,1.0,1.0,0.33540697674418607,-0.02437032954545455,1.0,-0.0206537380952381,-0.027154126190476194,-0.013769369940476209,1.0,False,False,Seattle Maximum Temperature Daily,Climate and Weather
KXHIGHTSEA,0.8,longshot_no_lt10,77,55,0.0030183896103896176,-0.025397504729729722,0.018791781583008454,0.7800463858720088,0.30133333333333334,0.9828571428571428,-0.0064130789473684086,0.6233333333333333,0.012208025641025648,0.006305645687599369,0.01799379109011628,0.7089797183814786,False,False,Seattle Maximum Temperature Daily,Climate and Weather
KXHIGHTSEA,0.95,buy_no_all,172,58,-0.003419273255813957,-0.003627982142857147,-0.0031705988372093055,1.0,1.0,0.6834302325581394,-0.003402318181818185,1.0,-0.0034370357142857176,-0.003564333333333337,-0.0031824404761904793,1.0,False,False,Seattle Maximum Temperature Daily,Climate and Weather
KXHIGHTSEA,0.95,buy_yes_all,172,58,-0.007273726744186046,-0.007522401162790697,-0.007065017857142856,1.0,1.0,0.32656976744186045,-0.0072906818181818185,1.0,-0.007255964285714287,-0.007510559523809525,-0.007128666666666668,1.0,False,False,Seattle Maximum Temperature Daily,Climate and Weather
KXHIGHTSEA,0.95,longshot_no_lt10,117,57,0.0,0.0,0.0,1.0,1.0,1.0,0.0,1.0,0.0,0.0,0.0,1.0,False,False,Seattle Maximum Temperature Daily,Climate and Weather
KXHIGHTSEA,0.95,favorite_yes_gt90,55,55,0.0,0.0,0.0,1.0,1.0,1.0,0.0,1.0,0.0,0.0,0.0,1.0,False,False,Seattle Maximum Temperature Daily,Climate and Weather
KXHIGHTSFO,0.5,buy_no_all,175,60,-0.06268652571428572,-0.0850434513891564,-0.03986520036764706,1.0,1.0,0.742742857142857,-0.051288965909090906,0.9913333333333333,-0.074215091954023,-0.10082963448275863,-0.04902498735632188,1.0,False,False,San Francisco High Temperature Daily,Climate and Weather
KXHIGHTSFO,0.5,buy_yes_all,175,60,0.02056590857142857,-0.0026905135681114505,0.043156343912835245,0.46702088040148354,0.04066666666666666,0.27599999999999997,0.008178363636363638,0.2886666666666667,0.033095839080459766,0.007104966091954023,0.060307977011494165,0.4677528455216121,False,False,San Francisco High Temperature Daily,Climate and Weather
KXHIGHTSFO,0.8,buy_no_all,175,60,-0.014759805714285716,-0.018707462916999203,-0.011229604131634268,1.0,1.0,0.7035428571428571,-0.013899897727272726,1.0,-0.01562959770114943,-0.022241035344827596,-0.009701454597701158,1.0,False,False,San Francisco High Temperature Daily,Climate and Weather
KXHIGHTSFO,0.8,buy_yes_all,175,60,-0.011567714285714287,-0.014305294451977398,-0.008802948761784836,1.0,1.0,0.31725714285714285,-0.013204977272727274,1.0,-0.009911632183908045,-0.01395023017241379,-0.00575994454022989,1.0,False,False,San Francisco High Temperature Daily,Climate and Weather
KXHIGHTSFO,0.8,longshot_no_lt10,109,60,0.004621596330275234,0.0026231594404701095,0.00684914449541285,0.7573433697911526,0.0,0.995045871559633,0.005665928571428577,0.0,0.0035181509433962295,0.0012309367924528312,0.006539578196930939,0.9028433016092401,False,False,San Francisco High Temperature Daily,Climate and Weather
KXHIGHTSFO,0.8,favorite_yes_gt90,42,42,0.01799954761904763,0.011765039285714296,0.024685579761904768,0.4663273525939677,0.0,0.9807142857142859,0.02209668421052633,0.0,0.014614956521739133,0.006084391304347828,0.02478065652173913,0.7127499912076778,False,False,San Francisco High Temperature Daily,Climate and Weather
KXHIGHTSFO,0.95,buy_no_all,175,60,-0.003269411428571433,-0.0034920726123595547,-0.0030083164104046283,1.0,1.0,0.6944571428571429,-0.0030535340909090937,1.0,-0.003487770114942532,-0.0037033678160919574,-0.003195609195402302,1.0,False,False,San Francisco High Temperature Daily,Climate and Weather
KXHIGHTSFO,0.95,buy_yes_all,175,60,-0.007698079999999998,-0.008311085431077694,-0.0072688370786516835,1.0,1.0,0.3157714285714286,-0.007655056818181819,1.0,-0.007741597701149426,-0.008844551724137933,-0.007128666666666669,1.0,False,False,San Francisco High Temperature Daily,Climate and Weather
KXHIGHTSFO,0.95,longshot_no_lt10,121,60,0.0003080165289256201,0.0,0.0008895337710228813,0.9816859399361479,0.13466666666666666,0.9996694214876034,0.00015011290322580658,0.36,0.0004739491525423733,0.0,0.0014463620689655185,0.9863462856456143,False,False,San Francisco High Temperature Daily,Climate and Weather
KXHIGHTSFO,0.95,favorite_yes_gt90,54,54,0.0,0.0,0.0,1.0,1.0,1.0,0.0,1.0,0.0,0.0,0.0,1.0,False,False,San Francisco High Temperature Daily,Climate and Weather
KXHIGHTTTN,0.5,buy_no_all,118,41,-0.19138757627118647,-0.23040001240573152,-0.15550111185450824,1.0,1.0,0.8457627118644068,-0.24142449180327866,1.0,-0.13783929824561406,-0.18407612105263157,-0.09170352149122808,1.0,False,False,"Trenton, NJ Daily Max Temp",Climate and Weather
KXHIGHTTTN,0.5,buy_yes_all,118,41,-0.19536663559322032,-0.27450556108695656,-0.12473230790289257,1.0,1.0,0.5238135593220339,-0.30328975409836056,1.0,-0.0798699649122807,-0.15905743728070176,-0.01456420087719299,0.9953333333333333,False,False,"Trenton, NJ Daily Max Temp",Climate and Weather
KXHIGHTTTN,0.8,buy_no_all,118,41,-0.17349509322033896,-0.22062950652223232,-0.13014347866603096,1.0,1.0,0.831949152542373,-0.2391404262295082,1.0,-0.1032430701754386,-0.16124787675438598,-0.0548412460526316,1.0,False,False,"Trenton, NJ Daily Max Temp",Climate and Weather
KXHIGHTTTN,0.8,buy_yes_all,118,41,-0.12852302542372881,-0.19240149725068303,-0.07255935322069507,1.0,1.0,0.4641525423728813,-0.2372632131147541,1.0,-0.01215194736842105,-0.02624668421052631,0.0027469504385964757,0.9473333333333334,False,False,"Trenton, NJ Daily Max Temp",Climate and Weather
KXHIGHTTTN,0.8,longshot_no_lt10,58,32,0.0020865344827586223,0.0009800464912280708,0.003271640277777779,0.935345912223382,0.0,0.9977586206896553,0.002659809523809526,0.012,0.0017611621621621636,0.0007347631578947375,0.0031852723684210552,0.9670630521285462,False,False,"Trenton, NJ Daily Max Temp",Climate and Weather
KXHIGHTTTN,0.95,buy_no_all,115,41,-0.019091660869565222,-0.04130003545454546,-0.005519327944915258,1.0,1.0,0.670695652173913,-0.03322771186440679,1.0,-0.004198321428571432,-0.005911839285714292,-0.00305514285714286,1.0,False,False,"Trenton, NJ Daily Max Temp",Climate and Weather
KXHIGHTTTN,0.95,buy_yes_all,115,41,-0.009406339130434782,-0.011650431079545455,-0.007496452848451328,1.0,1.0,0.3566086956521738,-0.009645915254237287,1.0,-0.009153928571428573,-0.012759160714285716,-0.007065017857142858,1.0,False,False,"Trenton, NJ Daily Max Temp",Climate and Weather
KXHIGHTTTN,0.95,longshot_no_lt10,75,39,0.0,0.0,0.0,1.0,1.0,1.0,0.0,1.0,0.0,0.0,0.0,1.0,False,False,"Trenton, NJ Daily Max Temp",Climate and Weather
KXINX,0.5,buy_no_all,113,40,-0.25299255752212385,-0.28395798594267024,-0.21875237975380077,1.0,1.0,0.9395575221238937,-0.2637808275862069,1.0,-0.24161583636363634,-0.2901849587962963,-0.18102648979110517,1.0,False,False,S&P 500 range,Financials
KXINX,0.5,buy_yes_all,113,40,0.07856036283185841,0.019079855369190397,0.12622911670815554,0.19625113576722092,0.008,0.22026548672566373,0.06413258620689653,0.094,0.09377510909090911,0.025380458858490565,0.14685766727272728,0.18651372787541565,False,False,S&P 500 range,Financials
KXINX,0.8,buy_no_all,120,40,-0.18181965,-0.21542982624999998,-0.14696204145833333,1.0,1.0,0.8753333333333333,-0.17271726666666667,1.0,-0.1909220333333333,-0.23967023000000004,-0.13293325,1.0,False,False,S&P 500 range,Financials
KXINX,0.8,buy_yes_all,120,40,0.03243231666666666,-0.008030373333333332,0.0709775022916666,0.37834289260151294,0.054,0.2561666666666667,0.012029433333333332,0.30533333333333335,0.052835200000000006,-0.012248271249999998,0.10908651875000001,0.30545361012759,False,False,S&P 500 range,Financials
KXINX,0.95,buy_no_all,120,40,-0.1045664,-0.13438839479166667,-0.07531340395833336,1.0,1.0,0.7966666666666666,-0.09088631666666667,1.0,-0.11824648333333335,-0.16668193541666668,-0.0655496945833334,1.0,False,False,S&P 500 range,Financials
KXINX,0.95,buy_yes_all,120,40,-0.036031299999999995,-0.06673638666666666,-0.004133102500000045,0.986,0.986,0.325,-0.05574283333333333,0.9993333333333333,-0.016319766666666662,-0.06699681166666666,0.03144266041666661,0.718,False,False,S&P 500 range,Financials
KXINXDUD,0.5,buy_no_all,40,40,0.1068646,-0.019119514374999997,0.22448570874999985,0.11615641090164497,0.054,0.4779999999999999,0.10504015,0.14,0.10868905,-0.06563768125000001,0.2770431862499999,0.2273347532295128,False,False,INXDUD,Financials
KXINXDUD,0.5,buy_yes_all,40,40,-0.193500575,-0.311144711875,-0.06668030500000027,0.9993333333333333,0.9993333333333333,0.57875,-0.1996923,0.9806666666666667,-0.18730885000000003,-0.36067763625,-0.012583833750000276,0.9833333333333333,False,False,INXDUD,Financials
KXINXDUD,0.8,buy_no_all,40,40,0.061886224999999996,-0.03308514750000001,0.16179352124999977,0.2665843463817215,0.12,0.5297499999999999,0.11459635000000001,0.012666666666666666,0.009176099999999998,-0.1675152575,0.18995604124999957,0.5624028002755102,False,False,INXDUD,Financials
KXINXDUD,0.8,buy_yes_all,40,40,-0.11801969999999999,-0.225341005,-0.018444913124999993,0.9906666666666667,0.9906666666666667,0.5095000000000001,-0.18433785,0.9993333333333333,-0.051701549999999985,-0.23171106125,0.12625251874999985,0.7528774470972814,False,False,INXDUD,Financials
KXINXDUD,0.95,buy_no_all,40,40,0.09152917499999999,0.022425031875,0.1727626806249999,0.15872341448510735,0.0033333333333333335,0.5042500000000001,0.07343419999999999,0.042,0.10962414999999999,-0.002247685000000003,0.24170612749999976,0.22479091513562036,False,False,INXDUD,Financials
KXINXDUD,0.95,buy_yes_all,40,40,-0.123059375,-0.210608615625,-0.04899302562500004,0.9993333333333333,0.9993333333333333,0.51875,-0.10924254999999998,0.998,-0.13687619999999998,-0.27313823,-0.021432178750000037,0.994,False,False,INXDUD,Financials
KXINXU,0.5,buy_no_all,95,32,-0.2901696315789474,-0.4440795581382978,-0.12509666118683513,1.0,1.0,0.7325263157894737,-0.03957175,0.652,-0.5460993829787234,-0.6611008473958333,-0.421101705978261,1.0,False,False,S&P 500 above/below,Financials
KXINXU,0.5,buy_yes_all,95,32,-0.025271473684210524,-0.18537323184210522,0.13058560497007957,0.6186345548044633,0.604,0.5591578947368421,-0.248320625,0.992,0.20252340425531917,0.039938632978723417,0.3500999658186864,0.07661355172900883,False,False,S&P 500 above/below,Financials
KXINXU,0.8,buy_no_all,96,32,-0.3269401458333333,-0.48067214869791663,-0.15896030390625002,1.0,1.0,0.7666666666666666,-0.11792747916666664,0.8426666666666667,-0.5359528125,-0.680017140625,-0.38521729375,1.0,False,False,S&P 500 above/below,Financials
KXINXU,0.8,buy_yes_all,96,32,-0.010682395833333328,-0.176209178125,0.15525245859374978,0.574579868691933,0.546,0.55125,-0.24901935416666665,0.9846666666666667,0.22765456250000002,0.07770164270833332,0.3783177625,0.057268850368494675,False,False,S&P 500 above/below,Financials
KXINXU,0.95,buy_no_all,96,32,-0.17667772916666666,-0.3384978794270833,-0.020561886197916678,0.9900604533333167,0.986,0.6154166666666666,0.012078854166666675,0.45466666666666666,-0.36543431249999997,-0.5647356369791666,-0.15557131562500043,0.9994436202144223,False,False,S&P 500 above/below,Financials
KXINXU,0.95,buy_yes_all,96,32,-0.013740114583333324,-0.13586306458333333,0.13056914999999997,0.5883320945381093,0.572,0.5540625,-0.15619091666666665,0.9326666666666666,0.1287106875,-0.010202749479166653,0.27268510937499996,0.21794720330835493,False,False,S&P 500 above/below,Financials
KXLOWTATL,0.5,buy_no_all,173,59,-0.09804252023121386,-0.12129344285465116,-0.07826592605491331,1.0,1.0,0.7536416184971098,-0.07649028409090909,1.0,-0.1203554235294118,-0.15811634117647058,-0.0871510710774131,1.0,False,False,Low Temperature Atlanta,Climate and Weather
KXLOWTATL,0.5,buy_yes_all,173,59,-0.040929369942196536,-0.05761197146760797,-0.022686471501368016,1.0,1.0,0.36491329479768786,-0.04217528409090909,1.0,-0.039639482352941166,-0.07155959913793103,-0.005703189945990917,0.988,False,False,Low Temperature Atlanta,Climate and Weather
KXLOWTATL,0.5,longshot_no_lt10,45,41,-0.054021266666666665,-0.130484496875,0.009857958522727252,0.9982171443116021,0.9626666666666667,0.9864444444444445,-0.045712833333333334,0.6286666666666667,-0.05956022222222221,-0.16434505863095236,0.013793770130434795,0.9564376355011489,False,False,Low Temperature Atlanta,Climate and Weather
KXLOWTATL,0.8,buy_no_all,173,59,-0.03318212138728324,-0.04602091699321146,-0.021906634537572262,1.0,1.0,0.6954335260115607,-0.040214215909090904,1.0,-0.025901835294117652,-0.04061600395913156,-0.013724594336534274,1.0,False,False,Low Temperature Atlanta,Climate and Weather
KXLOWTATL,0.8,buy_yes_all,173,59,-0.011903184971098262,-0.018381256888888888,-0.0035197301169206585,0.9973333333333333,0.9973333333333333,0.3443352601156069,-0.012960011363636358,0.956,-0.01080905882352941,-0.015540331265060233,-0.006082311958946898,1.0,False,False,Low Temperature Atlanta,Climate and Weather
KXLOWTATL,0.8,longshot_no_lt10,106,58,-0.02214783018867924,-0.05874811477154725,0.005869625188679244,0.9944119235037459,0.956,0.9933962264150944,-0.029269277777777773,0.8826666666666667,-0.014752480769230768,-0.05637054948979592,0.0062118157407407455,0.9924861698451507,False,False,Low Temperature Atlanta,Climate and Weather
KXLOWTATL,0.8,favorite_yes_gt90,43,43,-0.02981272093023255,-0.09675082325581395,0.016260813953488384,0.9649866067349031,0.8853333333333333,0.9820930232558139,-0.07391095238095238,0.8666666666666667,0.012281045454545465,0.00804422727272728,0.01737095454545456,0.7619641477687275,False,False,Low Temperature Atlanta,Climate and Weather
KXLOWTATL,0.95,buy_no_all,170,59,-0.025146711764705888,-0.03619478541433175,-0.017122397039473693,1.0,1.0,0.6880588235294117,-0.0262629534883721,1.0,-0.024003892857142863,-0.03628189442771084,-0.013733776364942541,1.0,False,False,Low Temperature Atlanta,Climate and Weather
KXLOWTATL,0.95,buy_yes_all,170,59,-0.010535129411764703,-0.015228836748739143,-0.005327908139534894,1.0,1.0,0.3436470588235294,-0.00872867441860465,0.982,-0.012384595238095238,-0.019091155588235292,-0.005078735139573072,1.0,False,False,Low Temperature Atlanta,Climate and Weather
KXLOWTATL,0.95,longshot_no_lt10,110,59,0.002963354545454548,0.0018785877192982472,0.004230184170875424,0.8393751907353222,0.0,0.9968181818181817,0.0036598214285714315,0.0,0.0022410925925925944,0.001163493750000001,0.0035729459492635034,0.9370069116901479,False,False,Low Temperature Atlanta,Climate and Weather
KXLOWTATL,0.95,favorite_yes_gt90,50,50,0.013994660000000008,0.009323464000000009,0.01922478000000001,0.4942689737805201,0.0,0.985,0.018302346153846166,0.0,0.009328000000000003,0.0036816177083333346,0.01653893645833328,0.7985779640748981,False,False,Low Temperature Atlanta,Climate and Weather
KXLOWTAUS,0.5,buy_no_all,180,60,-0.11515666666666666,-0.13473091125,-0.09610742750000001,1.0,1.0,0.7783333333333334,-0.12893633333333332,1.0,-0.10137700000000002,-0.12861108055555556,-0.07321393194444452,1.0,False,False,Lowest temperature in Austin,Climate and Weather
KXLOWTAUS,0.5,buy_yes_all,180,60,-0.006639755555555557,-0.027956789999999992,0.015139624305555552,0.716,0.716,0.32355555555555554,0.012901755555555557,0.24,-0.026181266666666668,-0.05299363972222223,0.001260688888888885,0.9713333333333334,False,False,Lowest temperature in Austin,Climate and Weather
KXLOWTAUS,0.5,longshot_no_lt10,56,44,-0.034896178571428564,-0.09315245014124292,0.016192211347968034,0.951062642844798,0.894,0.9799999999999999,-0.09758087999999997,0.9606666666666667,0.01565600000000001,0.008468115743371219,0.02423669500000001,0.6847397850979539,False,False,Lowest temperature in Austin,Climate and Weather
KXLOWTAUS,0.8,buy_no_all,179,60,-0.01605719553072626,-0.02257142331767395,-0.011327208774519145,1.0,1.0,0.684804469273743,-0.015628076086956526,1.0,-0.01651097701149426,-0.028913104310344825,-0.009150278160919548,1.0,False,False,Lowest temperature in Austin,Climate and Weather
KXLOWTAUS,0.8,buy_yes_all,179,60,-0.013546731843575424,-0.01813183166666667,-0.008855496352237778,1.0,1.0,0.34117318435754185,-0.017519326086956527,1.0,-0.009345827586206897,-0.015291282471264368,-0.0017861459770115089,0.992,False,False,Lowest temperature in Austin,Climate and Weather
KXLOWTAUS,0.8,longshot_no_lt10,112,59,-0.006433749999999997,-0.024276011990740736,0.002761219477085782,0.990309100785316,0.662,0.9973214285714286,-0.01581098181818182,0.638,0.0026144561403508796,0.001086050000000001,0.004656643750000003,0.9268917320114188,False,False,Lowest temperature in Austin,Climate and Weather
KXLOWTAUS,0.8,favorite_yes_gt90,50,50,0.005401700000000004,0.0033519200000000026,0.007639034000000006,0.7627559942815527,0.0,0.9942,0.006333800000000006,0.0,0.004469600000000004,0.0018624920000000018,0.007451760000000007,0.8940527839123412,False,False,Lowest temperature in Austin,Climate and Weather
KXLOWTAUS,0.95,buy_no_all,176,60,-0.01971669318181819,-0.02968056225181599,-0.012101535299512994,1.0,1.0,0.6944318181818182,-0.014262629213483152,1.0,-0.025296137931034482,-0.04394579379116622,-0.011751940111561889,1.0,False,False,Lowest temperature in Austin,Climate and Weather
KXLOWTAUS,0.95,buy_yes_all,176,60,-0.014666426136363637,-0.020628720376404498,-0.009467809938985234,1.0,1.0,0.336875,-0.014678786516853934,1.0,-0.014653781609195398,-0.025580859936497325,-0.006443554571881611,1.0,False,False,Lowest temperature in Austin,Climate and Weather
KXLOWTAUS,0.95,longshot_no_lt10,113,59,-0.007365168141592921,-0.02490105142977799,0.0019135089285714304,0.9964361310983914,0.6313333333333333,0.9984070796460177,-0.015692839285714286,0.6373333333333333,0.0008164035087719305,0.00016921818181818196,0.0015229636363636378,0.9765929254120849,False,False,Lowest temperature in Austin,Climate and Weather
KXLOWTAUS,0.95,favorite_yes_gt90,49,49,-0.016220653061224492,-0.057230496938775514,0.005813888265306098,0.9818982773216367,0.6406666666666667,0.9955102040816327,-0.03451857692307692,0.6453333333333333,0.00446395652173913,0.0008093043478260876,0.010963956521739126,0.9022164294863706,False,False,Lowest temperature in Austin,Climate and Weather
KXLOWTBOS,0.5,buy_no_all,172,59,-0.0918949476744186,-0.11190957591817996,-0.07413200302193132,1.0,1.0,0.7529651162790697,-0.07174748275862068,1.0,-0.1125164705882353,-0.14719180348537006,-0.08218943441176477,1.0,False,False,Low Temperature Boston,Climate and Weather
KXLOWTBOS,0.5,buy_yes_all,172,59,-0.02606791860465116,-0.04401041689701992,-0.008412323546511648,0.998,0.998,0.34848837209302325,-0.007765850574712649,0.824,-0.04480062352941177,-0.07524102740963855,-0.01384708458460645,0.9946666666666667,False,False,Low Temperature Boston,Climate and Weather
KXLOWTBOS,0.5,longshot_no_lt10,65,47,-0.018282230769230762,-0.06623523653846153,0.014034162395104893,0.883253616476141,0.8313333333333334,0.9866153846153846,-0.011286666666666658,0.6413333333333333,-0.028775576923076914,-0.10319153276923074,0.012145891195652183,0.8231115788472797,False,False,Low Temperature Boston,Climate and Weather
KXLOWTBOS,0.8,buy_no_all,170,59,-0.038632688235294116,-0.051249265693225875,-0.027591837354651174,1.0,1.0,0.699235294117647,-0.03287272941176471,1.0,-0.04439264705882352,-0.0637649084989858,-0.02563218364773497,1.0,False,False,Low Temperature Boston,Climate and Weather
KXLOWTBOS,0.8,buy_yes_all,170,59,-0.017324317647058825,-0.024457068724022542,-0.010343174718210649,1.0,1.0,0.348,-0.016017470588235293,1.0,-0.01863116470588235,-0.030628342484787022,-0.007220406996953338,1.0,False,False,Low Temperature Boston,Climate and Weather
KXLOWTBOS,0.8,longshot_no_lt10,91,55,0.006865637362637368,0.0042676660682624155,0.010043931877090307,0.6846056597746828,0.0,0.9926373626373628,0.008549791666666674,0.0,0.004985651162790702,0.0020090755434782628,0.008671454651162798,0.8781383307712756,False,False,Low Temperature Boston,Climate and Weather
KXLOWTBOS,0.95,buy_no_all,165,59,-0.030352351515151515,-0.04431609420813546,-0.0193134325658499,1.0,1.0,0.6940606060606062,-0.017380857142857146,1.0,-0.04380427160493827,-0.068666106199187,-0.02107869226999077,1.0,False,False,Low Temperature Boston,Climate and Weather
KXLOWTBOS,0.95,buy_yes_all,165,59,-0.023870078787878793,-0.034136649374474345,-0.014720236177995397,1.0,1.0,0.354,-0.021858940476190473,1.0,-0.025955703703703707,-0.04085820213414634,-0.011571086451048956,1.0,False,False,Low Temperature Boston,Climate and Weather
KXLOWTBOS,0.95,longshot_no_lt10,93,57,0.002905344086021508,0.0013725894736842119,0.004658750608695656,0.847176986654198,0.0,0.9968817204301075,0.003727000000000003,0.0,0.0019499302325581413,0.0002090549621212123,0.004381655566860456,0.9486650309960992,False,False,Low Temperature Boston,Climate and Weather
KXLOWTBOS,0.95,favorite_yes_gt90,40,40,0.008162525000000007,0.003958625000000003,0.013297510000000012,0.7204776874197377,0.0,0.9912500000000002,0.01081796000000001,0.0,0.0037368000000000032,0.0,0.01121040000000001,0.9453907081208099,False,False,Low Temperature Boston,Climate and Weather
KXLOWTCHI,0.5,buy_no_all,179,60,-0.10278243575418992,-0.11764076041666666,-0.08721116792132216,1.0,1.0,0.764022346368715,-0.10206101086956522,1.0,-0.10354532183908045,-0.12957128678160917,-0.07690267040229887,1.0,False,False,Lowest Temperature Chicago,Climate and Weather
KXLOWTCHI,0.5,buy_yes_all,179,60,-0.006667715083798892,-0.025301144283054012,0.012161090449438154,0.7526666666666667,0.7526666666666667,0.3260893854748603,-0.002772826086956533,0.584,-0.010786448275862077,-0.03821760689655174,0.0158430359195402,0.7646666666666667,False,False,Lowest Temperature Chicago,Climate and Weather
KXLOWTCHI,0.5,longshot_no_lt10,62,50,-0.03529588709677418,-0.09167500568181818,0.011853183196721302,0.9721406208027065,0.9493333333333334,0.9859677419354838,-0.01715453333333332,0.6306666666666667,-0.05230340625,-0.1452748069128788,0.01334613589015151,0.9981722084289065,False,False,Lowest Temperature Chicago,Climate and Weather
KXLOWTCHI,0.8,buy_no_all,180,60,-0.029602366666666668,-0.039805179861111116,-0.02154689291666668,1.0,1.0,0.6984444444444445,-0.02712227777777778,1.0,-0.032082455555555556,-0.05034993722222222,-0.018372283888888924,1.0,False,False,Lowest Temperature Chicago,Climate and Weather
KXLOWTCHI,0.8,buy_yes_all,180,60,-0.011128888888888886,-0.01903604611111111,-0.0028906606944444444,0.9933333333333333,0.9933333333333333,0.33511111111111114,-0.008405744444444443,0.996,-0.013852033333333331,-0.028162643888888887,0.001483134722222216,0.958,False,False,Lowest Temperature Chicago,Climate and Weather
KXLOWTCHI,0.8,longshot_no_lt10,103,59,-0.014348796116504851,-0.04481622410714285,0.005666954901960789,0.9965745586340093,0.8586666666666667,0.9945631067961165,0.005696425925925931,0.0,-0.03643944897959183,-0.10650380670454544,0.0046621860576923115,0.9997186565714528,False,False,Lowest Temperature Chicago,Climate and Weather
KXLOWTCHI,0.95,buy_no_all,178,60,-0.024818140449438208,-0.03561300272738685,-0.015802002980823553,1.0,1.0,0.6964606741573034,-0.01817252808988764,1.0,-0.03146375280898876,-0.050862824438202246,-0.016361217434456957,1.0,False,False,Lowest Temperature Chicago,Climate and Weather
KXLOWTCHI,0.95,buy_yes_all,178,60,-0.01610684269662922,-0.023350779517406814,-0.010037230170736306,1.0,1.0,0.33921348314606736,-0.01390305617977528,1.0,-0.018310629213483143,-0.03114759654494382,-0.007265425329329729,0.9993333333333333,False,False,Lowest Temperature Chicago,Climate and Weather
KXLOWTCHI,0.95,longshot_no_lt10,108,60,0.003540212962962966,0.0017582596846846862,0.005447510200734716,0.8083261420325942,0.0,0.9962037037037037,0.004496803571428576,0.0,0.0025100384615384637,0.0006527508004926114,0.005160449800531919,0.9273763426471128,False,False,Lowest Temperature Chicago,Climate and Weather
KXLOWTCHI,0.95,favorite_yes_gt90,43,43,0.009763976744186052,0.004768558139534888,0.014977595348837216,0.655790337644197,0.0,0.9895348837209301,0.012434416666666679,0.0,0.006390789473684211,0.0,0.015246263157894735,0.8853124354603725,False,False,Lowest Temperature Chicago,Climate and Weather
KXLOWTDAL,0.5,buy_no_all,180,60,-0.08130655,-0.0951778298611111,-0.06844575541666667,1.0,1.0,0.7385,-0.06387953333333332,1.0,-0.09873356666666666,-0.12200384333333333,-0.07826362972222224,1.0,False,False,Lowest temperature Dallas,Climate and Weather
KXLOWTDAL,0.5,buy_yes_all,180,60,-0.04519298333333334,-0.05539848944444445,-0.034622055694444445,1.0,1.0,0.3673888888888889,-0.04850740000000001,1.0,-0.04187856666666667,-0.057278494166666666,-0.025763530555555577,1.0,False,False,Lowest temperature Dallas,Climate and Weather
KXLOWTDAL,0.5,longshot_no_lt10,47,43,0.013894553191489373,0.008761509928571437,0.020003132035783366,0.5479038842465137,0.0,0.9851063829787235,0.017187210526315805,0.0,0.011660250000000011,0.005901165000000005,0.01901364797008549,0.7458587083578558,False,False,Lowest temperature Dallas,Climate and Weather
KXLOWTDAL,0.8,buy_no_all,180,60,-0.018508283333333334,-0.02716141611111111,-0.011672223888888894,1.0,1.0,0.6836111111111111,-0.016211733333333336,1.0,-0.020804833333333335,-0.036250575277777766,-0.010719311388888896,1.0,False,False,Lowest temperature Dallas,Climate and Weather
KXLOWTDAL,0.8,buy_yes_all,180,60,-0.011834216666666664,-0.015179854166666664,-0.008630369999999997,1.0,1.0,0.3433888888888889,-0.011284333333333325,1.0,-0.012384099999999999,-0.01652759805555555,-0.008807180555555556,1.0,False,False,Lowest temperature Dallas,Climate and Weather
KXLOWTDAL,0.8,longshot_no_lt10,116,59,-0.013220327586206896,-0.038554241459100955,0.004326232574417916,0.9762254631956454,0.8826666666666667,0.9956896551724138,-0.01410450847457627,0.6726666666666666,-0.012305122807017543,-0.047063953508771926,0.006471025538793097,0.9898564462207822,False,False,Lowest temperature Dallas,Climate and Weather
KXLOWTDAL,0.8,favorite_yes_gt90,53,53,-0.010779849056603771,-0.04816119528301886,0.009493572641509442,0.9312525166655636,0.628,0.991320754716981,-0.027715518518518518,0.6613333333333333,0.006807192307692314,0.0035817692307692334,0.010394346153846164,0.8372838484149615,False,False,Lowest temperature Dallas,Climate and Weather
KXLOWTDAL,0.95,buy_no_all,178,60,-0.017029179775280904,-0.023073707972291,-0.011915412994350295,1.0,1.0,0.6840449438202247,-0.014520752808988766,1.0,-0.01953760674157304,-0.02885440064798263,-0.01181664145131088,1.0,False,False,Lowest temperature Dallas,Climate and Weather
KXLOWTDAL,0.95,buy_yes_all,178,60,-0.016440960674157304,-0.021381414237288135,-0.012247185252808991,1.0,1.0,0.34612359550561794,-0.015175033707865165,1.0,-0.017706887640449434,-0.026059136700998742,-0.011083139002970432,1.0,False,False,Lowest temperature Dallas,Climate and Weather
KXLOWTDAL,0.95,longshot_no_lt10,112,60,0.0015000178571428575,0.0003267425438596494,0.003202307117117115,0.9138684546263264,0.0013333333333333333,0.9983928571428571,0.0004988392857142862,0.13066666666666665,0.0025011964285714286,0.00032680701754385995,0.005908375017806261,0.9276229901287073,False,False,Lowest temperature Dallas,Climate and Weather
KXLOWTDAL,0.95,favorite_yes_gt90,51,51,0.005489254901960787,0.0020125803921568646,0.010164446568627429,0.7552373657652904,0.0,0.9941176470588234,0.005189740740740741,0.034,0.005826208333333339,0.001552916666666668,0.010877416666666676,0.869151417476087,False,False,Lowest temperature Dallas,Climate and Weather
KXLOWTDC,0.5,buy_no_all,171,58,-0.12401976608187133,-0.14680388357344135,-0.10212258895348837,1.0,1.0,0.7818713450292397,-0.1098800795454545,1.0,-0.13901124096385542,-0.1683596608433735,-0.11074200766235677,1.0,False,False,Lowest Temperature DC ,Climate and Weather
KXLOWTDC,0.5,buy_yes_all,171,58,-0.03809595906432749,-0.05987563255813955,-0.019011750022759108,1.0,1.0,0.35982456140350877,-0.01664994318181819,0.8686666666666667,-0.06083390361445784,-0.09316779890469738,-0.03425964771825398,1.0,False,False,Lowest Temperature DC ,Climate and Weather
KXLOWTDC,0.5,longshot_no_lt10,46,40,-0.09287678260869567,-0.1817142719927536,-0.012381330906448206,0.9995890809905552,0.996,0.9830434782608696,-0.1548365652173913,0.986,-0.030916999999999997,-0.1230263102272727,0.014755420833333347,0.9717145758145028,False,False,Lowest Temperature DC ,Climate and Weather
KXLOWTDC,0.8,buy_no_all,168,58,-0.03449121428571429,-0.049991733302514794,-0.018624090008554937,1.0,1.0,0.6916666666666667,-0.02831539534883721,0.9893333333333333,-0.04096829268292683,-0.06516519830846897,-0.021689443778229456,1.0,False,False,Lowest Temperature DC ,Climate and Weather
KXLOWTDC,0.8,buy_yes_all,168,58,-0.017276738095238095,-0.029800974408284022,-0.00740739285661493,1.0,1.0,0.3523809523809524,-0.015285639534883726,0.9553333333333334,-0.019364963414634142,-0.030528613917866588,-0.007481092771084398,0.9986666666666667,False,False,Lowest Temperature DC ,Climate and Weather
KXLOWTDC,0.8,longshot_no_lt10,88,54,-0.017856045454545454,-0.05417305311937405,0.005801530000000005,0.9976183826957393,0.856,0.9947727272727274,-0.041625642857142854,0.856,0.0038466304347826116,0.0019020393668831186,0.006008679618055559,0.8977053910313362,False,False,Lowest Temperature DC ,Climate and Weather
KXLOWTDC,0.95,buy_no_all,165,57,-0.025524915151515153,-0.03526744454298949,-0.013847956295590649,0.9993333333333333,0.9993333333333333,0.6889090909090908,-0.02125680722891566,0.9826666666666667,-0.02984507317073171,-0.04246521890822785,-0.019277385714285736,1.0,False,False,Lowest Temperature DC ,Climate and Weather
KXLOWTDC,0.95,buy_yes_all,165,57,-0.03000208484848485,-0.042148438768939395,-0.019609474113940435,1.0,1.0,0.35963636363636364,-0.03728872289156627,1.0,-0.02262658536585366,-0.0332471568307201,-0.014017441532738097,1.0,False,False,Lowest Temperature DC ,Climate and Weather
KXLOWTDC,0.95,longshot_no_lt10,94,55,-0.004786542553191485,-0.027301145977011484,0.0072519954040404086,0.9585533096315517,0.6306666666666667,0.9937234042553191,-0.014141533333333326,0.6466666666666666,0.003804775510204085,0.0014625980392156874,0.007020219047619048,0.9021947562718728,False,False,Lowest Temperature DC ,Climate and Weather
KXLOWTDEN,0.5,buy_no_all,180,60,-0.13219687777777778,-0.1538492251388889,-0.1091796738888889,1.0,1.0,0.8064444444444446,-0.12915908888888888,1.0,-0.13523466666666667,-0.16781531194444443,-0.09925230444444444,1.0,False,False,Lowest temperature in Denver,Climate and Weather
KXLOWTDEN,0.5,buy_yes_all,180,60,0.016640722222222216,-0.0076147311111111156,0.04123962402777777,0.43693414262881897,0.09,0.28844444444444445,0.0361293111111111,0.012666666666666666,-0.0028478666666666677,-0.042006361944444445,0.039496951388888854,0.6325738160217229,False,False,Lowest temperature in Denver,Climate and Weather
KXLOWTDEN,0.5,longshot_no_lt10,47,39,-0.09069610638297869,-0.17533186243351068,-0.012067488095238135,0.9996493471838249,0.9973333333333333,0.9831914893617022,-0.08057614285714285,0.8626666666666667,-0.09886992307692306,-0.2084741495454545,0.007581235652173886,0.9958396768045145,False,False,Lowest temperature in Denver,Climate and Weather
KXLOWTDEN,0.8,buy_no_all,179,60,-0.03163506145251397,-0.04248117311329588,-0.02034850896067417,1.0,1.0,0.7094972067039106,-0.03437634782608695,1.0,-0.028736229885057467,-0.047030288505747135,-0.0062830962643678255,0.9933333333333333,False,False,Lowest temperature in Denver,Climate and Weather
KXLOWTDEN,0.8,buy_yes_all,179,60,-0.02000737430167597,-0.03561939912709497,-0.007096117638888887,0.9993333333333333,0.9993333333333333,0.33418994413407815,-0.005015836956521735,0.8413333333333334,-0.03586049425287356,-0.06415458333333332,-0.013977870977011501,1.0,False,False,Lowest temperature in Denver,Climate and Weather
KXLOWTDEN,0.8,longshot_no_lt10,101,57,-0.04091351485148515,-0.08703913317605197,-0.0023021295106132717,0.9985025715274453,0.9913333333333333,0.9907920792079207,-0.06209932142857142,0.9846666666666667,-0.014548955555555554,-0.06285513426268499,0.011588562380952377,0.9818022332407927,False,False,Lowest temperature in Denver,Climate and Weather
KXLOWTDEN,0.95,buy_no_all,179,60,-0.0260138156424581,-0.0385350996368715,-0.01173717094972068,0.9993333333333333,0.9993333333333333,0.7097765363128491,-0.03206836956521739,1.0,-0.01961129885057471,-0.04236661724137931,0.006333425287356244,0.9326666666666666,False,False,Lowest temperature in Denver,Climate and Weather
KXLOWTDEN,0.95,buy_yes_all,179,60,-0.02357913966480447,-0.03732166916589075,-0.013188611886704126,1.0,1.0,0.33262569832402233,-0.011199478260869563,0.9926666666666667,-0.03667027586206897,-0.062209644252873564,-0.018064566954022997,1.0,False,False,Lowest temperature in Denver,Climate and Weather
KXLOWTDEN,0.95,longshot_no_lt10,102,57,-0.02273824509803921,-0.05520769112298071,0.006021908102375567,0.9566666666666667,0.9566666666666667,0.992843137254902,-0.01089143636363636,0.6533333333333333,-0.03660153191489361,-0.09615233265306122,0.0064223933333333386,0.988736378826827,False,False,Lowest temperature in Denver,Climate and Weather
KXLOWTEWR,0.5,buy_no_all,111,39,-0.18728674774774778,-0.22726445320945948,-0.14794095070240826,1.0,1.0,0.8665765765765763,-0.2091961754385965,1.0,-0.16416012962962967,-0.2109624703703704,-0.12134929722222222,1.0,False,False,"Newark, NJ (EWR) Daily Low Temp",Climate and Weather
KXLOWTEWR,0.5,buy_yes_all,111,39,-0.19081003603603608,-0.27869738436732194,-0.11502595353982305,1.0,1.0,0.4981981981981982,-0.32989364912280705,1.0,-0.04399955555555556,-0.09426768611111111,-0.002537777314814839,0.982,False,False,"Newark, NJ (EWR) Daily Low Temp",Climate and Weather
KXLOWTEWR,0.8,buy_no_all,80,35,-0.075193025,-0.12035797467532468,-0.032535693445935654,1.0,1.0,0.6965000000000001,-0.10528692682926831,0.9873333333333333,-0.04355584615384616,-0.05892910451219513,-0.029161077884615392,1.0,False,False,"Newark, NJ (EWR) Daily Low Temp",Climate and Weather
KXLOWTEWR,0.8,buy_yes_all,80,35,-0.10734952499999999,-0.178637626726122,-0.052206701960784335,1.0,1.0,0.47775,-0.19132070731707318,1.0,-0.019072128205128203,-0.030644420062370063,-0.0073610013888888905,1.0,False,False,"Newark, NJ (EWR) Daily Low Temp",Climate and Weather
KXLOWTEWR,0.95,buy_no_all,93,37,-0.03838258064516129,-0.06446607212814645,-0.009024697390463982,0.9946666666666667,0.9946666666666667,0.7012903225806452,-0.03471757142857143,0.924,-0.042464068181818186,-0.06782566775914635,-0.02157027589361704,1.0,False,False,"Newark, NJ (EWR) Daily Low Temp",Climate and Weather
KXLOWTEWR,0.95,buy_yes_all,93,37,-0.10118254838709677,-0.16329921187705368,-0.05014663428980531,1.0,1.0,0.4310752688172042,-0.17462842857142857,1.0,-0.019390545454545452,-0.030119508540372666,-0.010852682007575757,1.0,False,False,"Newark, NJ (EWR) Daily Low Temp",Climate and Weather
KXLOWTEWR,0.95,longshot_no_lt10,45,29,0.0018642000000000016,0.0,0.0046606829545454585,0.9473257596948735,0.034666666666666665,0.9980000000000001,0.003925368421052635,0.11733333333333333,0.00035796153846153877,0.0,0.0010738846153846163,0.9942879661039956,False,False,"Newark, NJ (EWR) Daily Low Temp",Climate and Weather
KXLOWTHOU,0.5,buy_no_all,180,60,-0.07321749999999998,-0.0877344608333333,-0.057257441805555566,1.0,1.0,0.7365555555555556,-0.06762219999999998,1.0,-0.0788128,-0.09062895333333332,-0.06835639166666665,1.0,False,False,Low Temperature Houston,Climate and Weather
KXLOWTHOU,0.5,buy_yes_all,180,60,-0.03167842777777778,-0.04712062208333334,-0.01715396958333334,1.0,1.0,0.35005555555555556,-0.026671600000000004,0.982,-0.03668525555555556,-0.05055610444444444,-0.02381664305555556,1.0,False,False,Low Temperature Houston,Climate and Weather
KXLOWTHOU,0.5,longshot_no_lt10,68,56,-0.035343911764705874,-0.09212556365671642,0.007982558585335541,0.9867511683324591,0.956,0.9905882352941177,-0.02443954838709677,0.636,-0.044479999999999985,-0.12717730990990989,0.010878058333333343,0.9725428207033658,False,False,Low Temperature Houston,Climate and Weather
KXLOWTHOU,0.8,buy_no_all,179,60,-0.02966483798882682,-0.038044815551675985,-0.022453776541805293,1.0,1.0,0.6972067039106146,-0.02900039130434783,1.0,-0.030367471264367812,-0.042380090804597696,-0.021112076149425302,1.0,False,False,Low Temperature Houston,Climate and Weather
KXLOWTHOU,0.8,buy_yes_all,179,60,-0.013918189944134074,-0.019728316669787763,-0.00806402913097455,1.0,1.0,0.34055865921787704,-0.013623989130434777,0.9946666666666667,-0.014229298850574704,-0.019774370689655162,-0.009022269827586207,1.0,False,False,Low Temperature Houston,Climate and Weather
KXLOWTHOU,0.8,longshot_no_lt10,108,59,-0.002352611111111106,-0.02266659708657047,0.008809991743119274,0.9369878932350391,0.6186666666666667,0.9925925925925926,-0.010055648148148145,0.6333333333333333,0.005350425925925931,0.002415259259259261,0.008548936847527463,0.855919515878139,False,False,Low Temperature Houston,Climate and Weather
KXLOWTHOU,0.8,favorite_yes_gt90,43,43,-0.00026511627906974927,-0.04743064418604648,0.025813403488372116,0.7400184480372466,0.466,0.9753488372093024,-0.02481159999999998,0.6453333333333333,0.021079652173913062,0.014993115217391318,0.027168623913043498,0.6126171976538431,False,False,Low Temperature Houston,Climate and Weather
KXLOWTHOU,0.95,buy_no_all,177,60,-0.028039045197740108,-0.03609604608938548,-0.020693833557212302,1.0,1.0,0.6982485875706215,-0.02119114606741573,1.0,-0.03496476136363636,-0.04904266448863636,-0.022606957329545457,1.0,False,False,Low Temperature Houston,Climate and Weather
KXLOWTHOU,0.95,buy_yes_all,177,60,-0.01989390395480226,-0.025072643463943372,-0.015121416810344832,1.0,1.0,0.3451412429378531,-0.017848685393258425,1.0,-0.021962363636363634,-0.03018249893939394,-0.014575606988636363,1.0,False,False,Low Temperature Houston,Climate and Weather
KXLOWTHOU,0.95,longshot_no_lt10,109,59,-0.00703723853211009,-0.02603448411214953,0.003159927282608698,0.9927927018159461,0.6313333333333333,0.9977064220183486,-0.015528142857142855,0.6333333333333333,0.001934283018867926,0.00035796153846153877,0.0037294977272727303,0.9453987066745145,False,False,Low Temperature Houston,Climate and Weather
KXLOWTHOU,0.95,favorite_yes_gt90,46,46,-0.011809326086956519,-0.05691048695652173,0.012773790217391315,0.9234008755449046,0.6433333333333333,0.9893478260869568,-0.03090908695652174,0.632,0.007290434782608703,0.003834718478260873,0.011754710869565227,0.8451051536767178,False,False,Low Temperature Houston,Climate and Weather
KXLOWTLAX,0.5,buy_no_all,173,59,-0.05876210404624276,-0.07297640139438191,-0.042763247368421055,1.0,1.0,0.732601156069364,-0.06397980898876403,1.0,-0.053233821428571415,-0.07645570803571426,-0.02525132083333334,0.9993333333333333,False,False,Lowest Temperature in LA,Climate and Weather
KXLOWTLAX,0.5,buy_yes_all,173,59,-0.04883386705202311,-0.06221254430180858,-0.036405281605702,1.0,1.0,0.35728323699421966,-0.04135115730337079,1.0,-0.056761976190476196,-0.08125285863095238,-0.0359635931547619,1.0,False,False,Lowest Temperature in LA,Climate and Weather
KXLOWTLAX,0.5,longshot_no_lt10,60,50,-0.017940149999999988,-0.07380380054041352,0.017160111202185805,0.9581541743106979,0.8006666666666666,0.9834999999999999,0.018662275862068985,0.0,-0.05218112903225806,-0.15064059048387096,0.013647075540540544,0.9960536103889754,False,False,Lowest Temperature in LA,Climate and Weather
KXLOWTLAX,0.8,buy_no_all,171,59,-0.024293450292397666,-0.029369454479768783,-0.019180622291636574,1.0,1.0,0.7049122807017544,-0.024936625,1.0,-0.02361153012048193,-0.03153274601979346,-0.01669040083559169,1.0,False,False,Lowest Temperature in LA,Climate and Weather
KXLOWTLAX,0.8,buy_yes_all,171,59,-0.022474508771929823,-0.02701771287089013,-0.018290509698142412,1.0,1.0,0.3343274853801169,-0.018639363636363634,1.0,-0.02654068674698795,-0.03479455224801646,-0.018821083993902442,1.0,False,False,Lowest Temperature in LA,Climate and Weather
KXLOWTLAX,0.8,longshot_no_lt10,103,57,0.008054883495145639,0.005789227395124721,0.010524589603960403,0.6306605846264755,0.0,0.9913592233009707,0.009678811320754726,0.0,0.006333520000000005,0.004040986792452833,0.008745808645833337,0.8423591014533025,False,False,Lowest Temperature in LA,Climate and Weather
KXLOWTLAX,0.95,buy_no_all,172,59,-0.0262001511627907,-0.03441009478282411,-0.019015516089638904,1.0,1.0,0.708953488372093,-0.02192852272727273,1.0,-0.030675190476190467,-0.043728337797619046,-0.019156976190476196,1.0,False,False,Lowest Temperature in LA,Climate and Weather
KXLOWTLAX,0.95,buy_yes_all,172,59,-0.023151866279069764,-0.029553022800492615,-0.017934746805789187,1.0,1.0,0.3334302325581395,-0.021645193181818182,1.0,-0.024730285714285715,-0.03490718958333333,-0.015817269047619046,1.0,False,False,Lowest Temperature in LA,Climate and Weather
KXLOWTLAX,0.95,longshot_no_lt10,101,56,0.007113178217821787,0.004575082407407411,0.010101010861561123,0.6704799638939981,0.0,0.9923762376237623,0.006999903846153851,0.0,0.007233387755102047,0.003800791780045355,0.01166120424679488,0.8220029954902843,False,False,Lowest Temperature in LA,Climate and Weather
KXLOWTLV,0.5,buy_no_all,172,59,-0.08156238953488372,-0.1051106036202795,-0.061581392156976764,1.0,1.0,0.7500581395348836,-0.03954236046511627,1.0,-0.12358241860465119,-0.1539282290229885,-0.09566539907778666,1.0,False,False,Las Vegas Daily Low Temperature,Climate and Weather
KXLOWTLV,0.5,buy_yes_all,172,59,-0.02729259302325582,-0.04808125583556348,-0.0066862247870793584,0.992,0.992,0.34511627906976744,-0.014074093023255813,0.9086666666666666,-0.04051109302325581,-0.07560228504056796,-0.0012875997126437406,0.978,False,False,Las Vegas Daily Low Temperature,Climate and Weather
KXLOWTLV,0.5,longshot_no_lt10,75,51,-0.02794017333333333,-0.07976285817669174,0.012048913229166663,0.9966336536951316,0.9206666666666666,0.9870666666666665,-0.010457093023255802,0.6366666666666667,-0.0514330625,-0.1398317446969697,0.012571059880514705,0.9976948006280674,False,False,Las Vegas Daily Low Temperature,Climate and Weather
KXLOWTLV,0.8,buy_no_all,164,59,-0.01786387804878049,-0.0319317628320101,-0.006913861911100832,1.0,1.0,0.6809756097560976,-0.01132454878048781,0.9406666666666667,-0.024403207317073173,-0.05086656781249999,-0.00745160726982003,1.0,False,False,Las Vegas Daily Low Temperature,Climate and Weather
KXLOWTLV,0.8,buy_yes_all,164,59,-0.014273420731707322,-0.03058353468767429,0.0015034689023108749,0.9666666666666667,0.9666666666666667,0.3476219512195122,-0.025291158536585368,1.0,-0.003255682926829268,-0.01767382911585366,0.020204139678225083,0.6913333333333334,False,False,Las Vegas Daily Low Temperature,Climate and Weather
KXLOWTLV,0.8,longshot_no_lt10,104,59,-0.02490103846153846,-0.060787692403846155,0.0024161500721500582,0.9983075609536833,0.9626666666666667,0.9957692307692307,-0.014963299999999999,0.616,-0.03410264814814815,-0.08751963636363637,0.0024753218749999964,0.9966835507920685,False,False,Las Vegas Daily Low Temperature,Climate and Weather
KXLOWTLV,0.8,favorite_yes_gt90,48,48,0.006019229166666672,0.0032979791666666695,0.00951868750000001,0.7484161899716234,0.0,0.9935416666666667,0.007768666666666674,0.0,0.004269791666666671,0.001551166666666668,0.008154708333333342,0.9024027072419976,False,False,Las Vegas Daily Low Temperature,Climate and Weather
KXLOWTLV,0.95,buy_no_all,156,59,-0.018832179487179485,-0.03284706820652174,-0.009163791096698123,1.0,1.0,0.6906410256410257,-0.018509683544303795,1.0,-0.019163051948051943,-0.04128103875598085,-0.005663276818813723,1.0,False,False,Las Vegas Daily Low Temperature,Climate and Weather
KXLOWTLV,0.95,buy_yes_all,156,59,-0.014161634615384618,-0.021357453111653445,-0.007178407107843139,1.0,1.0,0.33916666666666667,-0.016871303797468356,0.9973333333333333,-0.011381584415584413,-0.01808787655536529,-0.004131271912955464,0.9993333333333333,False,False,Las Vegas Daily Low Temperature,Climate and Weather
KXLOWTLV,0.95,longshot_no_lt10,98,56,-0.01926781632653061,-0.05038770286458333,0.000872753645833334,0.9999607138843951,0.872,0.9987755102040816,0.0009697708333333341,0.011333333333333334,-0.0386959,-0.10034081061862245,0.0005584200000000004,0.9994158858086433,False,False,Las Vegas Daily Low Temperature,Climate and Weather
KXLOWTLV,0.95,favorite_yes_gt90,46,46,0.002226804347826089,0.0007032429347826096,0.0038467902173913073,0.9025355321757935,0.0,0.9976086956521739,0.002023869565217393,0.009333333333333334,0.0024297391304347847,0.0,0.005284682608695546,0.9455845210195671,False,False,Las Vegas Daily Low Temperature,Climate and Weather
KXLOWTMIA,0.5,buy_no_all,173,60,-0.11254414450867052,-0.1408416565373563,-0.08223932443354026,1.0,1.0,0.7977456647398845,-0.12744863218390806,1.0,-0.09746634883720928,-0.14206475092803028,-0.04952164749007379,1.0,False,False,Lowest temperature in Miami,Climate and Weather
KXLOWTMIA,0.5,buy_yes_all,173,60,-0.004191213872832371,-0.039191030024509806,0.02948610955555555,0.6177566429106273,0.5813333333333334,0.30057803468208094,0.01578016091954023,0.24933333333333332,-0.024394813953488373,-0.07477918454016914,0.02459872277777775,0.826,False,False,Lowest temperature in Miami,Climate and Weather
KXLOWTMIA,0.5,longshot_no_lt10,66,48,-0.03683353030303029,-0.09035228967391302,0.006421599180327874,0.9916998181633574,0.958,0.9907575757575757,-0.04834888571428571,0.8873333333333333,-0.023832322580645153,-0.08765798709677419,0.010280331408045981,0.9865954427928735,False,False,Lowest temperature in Miami,Climate and Weather
KXLOWTMIA,0.8,buy_no_all,173,60,-0.056605618497109836,-0.07438533006284447,-0.040140948995308026,1.0,1.0,0.7457803468208093,-0.053175057471264366,1.0,-0.060076069767441856,-0.08578471015963203,-0.03600827936046513,1.0,False,False,Lowest temperature in Miami,Climate and Weather
KXLOWTMIA,0.8,buy_yes_all,173,60,-0.000615289017341042,-0.022576176,0.018292545243107767,0.5947036076608619,0.4826666666666667,0.3022543352601156,-0.0003805747126436817,0.4673333333333333,-0.0008527325581395344,-0.01937132086309524,0.01999589811046509,0.683661526963759,False,False,Lowest temperature in Miami,Climate and Weather
KXLOWTMIA,0.8,longshot_no_lt10,97,56,-0.015523762886597934,-0.04654615464285714,0.005541458910891094,0.9970032700013086,0.8586666666666667,0.9945360824742268,-0.017111297872340423,0.65,-0.014031479999999995,-0.055414303788536685,0.007727845854499277,0.9886756277553647,False,False,Lowest temperature in Miami,Climate and Weather
KXLOWTMIA,0.95,buy_no_all,170,60,-0.02877896470588236,-0.04336143464285715,-0.017419933376232207,1.0,1.0,0.7151764705882353,-0.03156982352941176,1.0,-0.02598810588235295,-0.03988093676470589,-0.015112234922244764,1.0,False,False,Lowest temperature in Miami,Climate and Weather
KXLOWTMIA,0.95,buy_yes_all,170,60,-0.005342082352941174,-0.014148709436162662,0.0072920395198476295,0.8326666666666667,0.8326666666666667,0.3152941176470588,0.003830458823529413,0.37533333333333335,-0.014514623529411762,-0.022498046040868455,-0.007808464873286253,1.0,False,False,Lowest temperature in Miami,Climate and Weather
KXLOWTMIA,0.95,longshot_no_lt10,113,59,-0.013985106194690265,-0.04172986026785715,0.00456655653735632,0.9794833970052834,0.884,0.9960176991150442,-0.015859785714285715,0.6386666666666667,-0.012143315789473683,-0.049339855060034306,0.008084604884873683,0.9892512630977511,False,False,Lowest temperature in Miami,Climate and Weather
KXLOWTMIA,0.95,favorite_yes_gt90,41,41,-0.009378536585365842,-0.06079459939024389,0.019111775609756115,0.8739565050782714,0.6193333333333333,0.9839024390243901,0.014765250000000013,0.0,-0.04346388235294117,-0.16385696176470588,0.02195941470588237,0.9724661590188656,False,False,Lowest temperature in Miami,Climate and Weather
KXLOWTMIN,0.5,buy_no_all,180,60,-0.0803308,-0.09803666930555555,-0.06289134472222223,1.0,1.0,0.7438888888888887,-0.07513766666666664,1.0,-0.08552393333333333,-0.11158255638888889,-0.058221048333333345,1.0,False,False,Low  temperature Minnesota,Climate and Weather
KXLOWTMIN,0.5,buy_yes_all,180,60,-0.03716270555555555,-0.053800415555555564,-0.020242355555555563,1.0,1.0,0.35494444444444445,-0.02111488888888889,0.966,-0.053210522222222216,-0.07844616222222223,-0.0307912102777778,1.0,False,False,Low  temperature Minnesota,Climate and Weather
KXLOWTMIN,0.5,longshot_no_lt10,57,48,-0.024943929824561402,-0.07432205020833334,0.011050470432692286,0.9871465013186393,0.8646666666666667,0.989122807017544,-0.06176417857142857,0.874,0.010606655172413802,0.006316479406682033,0.015883631481481492,0.7742043977923257,False,False,Low  temperature Minnesota,Climate and Weather
KXLOWTMIN,0.8,buy_no_all,180,60,-0.020809161111111113,-0.030352601111111117,-0.011347779722222222,1.0,1.0,0.6902777777777778,-0.016643344444444447,1.0,-0.024974977777777775,-0.04292515805555555,-0.006586530000000012,0.9966666666666667,False,False,Low  temperature Minnesota,Climate and Weather
KXLOWTMIN,0.8,buy_yes_all,180,60,-0.01667727777777778,-0.026995874722222226,-0.00862987527777778,1.0,1.0,0.3412222222222222,-0.010168077777777777,1.0,-0.023186477777777777,-0.043788448611111114,-0.008103720000000003,0.9986666666666667,False,False,Low  temperature Minnesota,Climate and Weather
KXLOWTMIN,0.8,longshot_no_lt10,105,59,-0.013188971428571424,-0.04262479150943396,0.006763259947213565,0.9528675751421384,0.8593333333333333,0.9937142857142858,-0.0282178947368421,0.876,0.004657875000000003,0.0023500141544117665,0.00722559489795919,0.8733717839888356,False,False,Low  temperature Minnesota,Climate and Weather
KXLOWTMIN,0.8,favorite_yes_gt90,46,46,-0.004500021739130429,-0.04777054673913043,0.01987456739130436,0.8119666486054186,0.6193333333333333,0.981521739130435,-0.017286884615384607,0.6153333333333333,0.012122900000000006,0.005588032500000005,0.020055952500000005,0.7835349319520067,False,False,Low  temperature Minnesota,Climate and Weather
KXLOWTMIN,0.95,buy_no_all,177,60,-0.0231389604519774,-0.03292904868009449,-0.014398942761753814,1.0,1.0,0.6929943502824859,-0.022283725274725275,1.0,-0.024043918604651156,-0.04366249647821439,-0.009441368247126448,0.9986666666666667,False,False,Low  temperature Minnesota,Climate and Weather
KXLOWTMIN,0.95,buy_yes_all,177,60,-0.0249599604519774,-0.0328682001638418,-0.018337284911081175,1.0,1.0,0.34977401129943503,-0.023227065934065934,1.0,-0.026793604651162792,-0.04078938000683995,-0.01565566837209303,1.0,False,False,Low  temperature Minnesota,Climate and Weather
KXLOWTMIN,0.95,longshot_no_lt10,108,60,-0.015065777777777775,-0.0441070392831952,0.004218542465192463,0.9987840949977839,0.862,0.9962962962962963,-0.03121748214285714,0.8646666666666667,0.0023283653846153866,0.000912855882352942,0.004030528292637809,0.934633012235385,False,False,Low  temperature Minnesota,Climate and Weather
KXLOWTMIN,0.95,favorite_yes_gt90,48,48,0.007573312500000006,0.004270221875000003,0.011172531770833318,0.6942643306488296,0.0,0.991875,0.008247653846153854,0.0,0.006776363636363642,0.002961954545454548,0.011861181818181828,0.8610631746411739,False,False,Low  temperature Minnesota,Climate and Weather
KXLOWTNOLA,0.5,buy_no_all,180,60,-0.07988090555555556,-0.09523090430555556,-0.06339539569444444,1.0,1.0,0.7437222222222223,-0.06667059999999998,1.0,-0.09309121111111111,-0.11339186472222221,-0.0766370211111111,1.0,False,False,NOLA Low Temperature,Climate and Weather
KXLOWTNOLA,0.5,buy_yes_all,180,60,-0.01584797777777778,-0.03347102222222222,0.0007941827777777485,0.9653333333333334,0.9653333333333334,0.33433333333333337,-0.014252677777777775,0.87,-0.017443277777777776,-0.04059456916666667,0.007499007777777763,0.9166666666666666,False,False,NOLA Low Temperature,Climate and Weather
KXLOWTNOLA,0.5,longshot_no_lt10,67,55,-0.053438402985074615,-0.11590938106060605,-0.007512073257891612,0.9999741677625313,0.9873333333333333,0.9932835820895521,-0.0819249705882353,0.9533333333333334,-0.024088606060606057,-0.09301600571839079,0.009032193825604846,0.9877730649224725,False,False,NOLA Low Temperature,Climate and Weather
KXLOWTNOLA,0.8,buy_no_all,179,60,-0.03231335754189945,-0.043435747104701536,-0.022424736944444457,1.0,1.0,0.6994972067039107,-0.03135410869565218,1.0,-0.03332773563218391,-0.04760596781609195,-0.022146901149425306,1.0,False,False,NOLA Low Temperature,Climate and Weather
KXLOWTNOLA,0.8,buy_yes_all,179,60,-0.01938766480446927,-0.03446446530898876,-0.010013368715083805,1.0,1.0,0.34547486033519553,-0.02480979347826087,1.0,-0.013653919540229877,-0.01848500114942528,-0.009494179022988504,1.0,False,False,NOLA Low Temperature,Climate and Weather
KXLOWTNOLA,0.8,longshot_no_lt10,101,57,-0.005005613861386138,-0.02714534476911977,0.006827598675742573,0.9679817950388416,0.6446666666666667,0.9947524752475246,0.005637018867924529,0.0,-0.016756854166666665,-0.06373523522727272,0.005998801326650943,0.9941458309275658,False,False,NOLA Low Temperature,Climate and Weather
KXLOWTNOLA,0.8,favorite_yes_gt90,41,41,0.01910829268292684,0.01409380487804879,0.024798854878048796,0.45338127546827395,0.0,0.9795121951219511,0.01958110000000001,0.0,0.018658000000000015,0.01109467857142858,0.026676445238095245,0.6733302323452094,False,False,NOLA Low Temperature,Climate and Weather
KXLOWTNOLA,0.95,buy_no_all,177,60,-0.024040774011299445,-0.03266746726454161,-0.016894265271538065,1.0,1.0,0.6998305084745763,-0.017817956043956047,1.0,-0.030625383720930235,-0.04703453801217039,-0.01783952362266859,1.0,False,False,NOLA Low Temperature,Climate and Weather
KXLOWTNOLA,0.95,buy_yes_all,177,60,-0.0175339604519774,-0.02608558586697771,-0.011082399,1.0,1.0,0.33723163841807907,-0.017041208791208785,1.0,-0.018055360465116275,-0.02684904600374231,-0.01080029603858785,1.0,False,False,NOLA Low Temperature,Climate and Weather
KXLOWTNOLA,0.95,longshot_no_lt10,110,59,0.0020348181818181836,0.0007548738738738745,0.0036840856168517656,0.8867638354874193,0.0,0.9978181818181818,0.002896344827586209,0.0006666666666666666,0.0010738846153846163,0.00035796153846153877,0.001916320976126297,0.9693210629703374,False,False,NOLA Low Temperature,Climate and Weather
KXLOWTNOLA,0.95,favorite_yes_gt90,46,46,0.009523934782608701,0.005968682065217396,0.01389292010869563,0.6439072634821638,0.0,0.989782608695652,0.012682160000000007,0.0,0.005764142857142862,0.0031030000000000025,0.008869142857142864,0.8856820856893125,False,False,NOLA Low Temperature,Climate and Weather
KXLOWTNYC,0.5,buy_no_all,171,59,-0.09053932163742691,-0.11516191690751446,-0.06538495756704983,1.0,1.0,0.7838596491228071,-0.07334618604651164,1.0,-0.10793472941176471,-0.14729703063633848,-0.0695934168674699,1.0,False,False,Lowest temperature in NYC,Climate and Weather
KXLOWTNYC,0.5,buy_yes_all,171,59,-0.028319654970760232,-0.053474847128482966,-0.004746218240205533,0.9926666666666667,0.9926666666666667,0.3164327485380117,-0.032573360465116274,0.9906666666666667,-0.024015905882352938,-0.060985844737774624,0.017306534999999977,0.886,False,False,Lowest temperature in NYC,Climate and Weather
KXLOWTNYC,0.5,longshot_no_lt10,61,48,-0.04107877049180327,-0.09842060044642857,0.007710882239454089,0.9929913739988798,0.9573333333333334,0.9913114754098362,0.009319000000000008,0.0,-0.08384051515151517,-0.19013381370967744,0.005013544954954947,0.999971957140089,False,False,Lowest temperature in NYC,Climate and Weather
KXLOWTNYC,0.8,buy_no_all,171,59,-0.030583941520467842,-0.047682263359634554,-0.012993660850163203,1.0,1.0,0.7287719298245614,-0.027112034883720933,0.9613333333333334,-0.034096694117647056,-0.05681792350460667,-0.0162338974137931,1.0,False,False,Lowest temperature in NYC,Climate and Weather
KXLOWTNYC,0.8,buy_yes_all,171,59,-0.019374467836257306,-0.035957461171460633,-0.005809371197674425,0.996,0.996,0.3134502923976608,-0.022467488372093017,0.9826666666666667,-0.016245058823529408,-0.03095083317444219,0.0031320020081135927,0.9566666666666667,False,False,Lowest temperature in NYC,Climate and Weather
KXLOWTNYC,0.8,longshot_no_lt10,98,56,-0.013743448979591833,-0.04299665225257732,0.0062342639915440035,0.9936930278524126,0.8826666666666667,0.9928571428571429,-0.01472431914893617,0.6346666666666667,-0.012839509803921567,-0.05207382223635521,0.008468620432692307,0.985628378077743,False,False,Lowest temperature in NYC,Climate and Weather
KXLOWTNYC,0.95,buy_no_all,170,59,-0.025569970588235295,-0.03685678284883721,-0.014372537714807093,1.0,1.0,0.7293529411764704,-0.019563790697674423,1.0,-0.03171915476190476,-0.053521325179340024,-0.014873508966353222,1.0,False,False,Lowest temperature in NYC,Climate and Weather
KXLOWTNYC,0.95,buy_yes_all,170,59,-0.014068864705882355,-0.02407223691860465,-0.004201245126844878,0.9966666666666667,0.9966666666666667,0.3055882352941176,-0.005239802325581397,0.8586666666666667,-0.023108142857142855,-0.03894299339261287,-0.005559141569767445,0.9946666666666667,False,False,Lowest temperature in NYC,Climate and Weather
KXLOWTNYC,0.95,longshot_no_lt10,111,58,-0.005650594594594592,-0.025079270550458718,0.004359964621023753,0.983539140909162,0.6486666666666666,0.9963963963963964,0.003054396551724141,0.0,-0.015176811320754716,-0.057943767187499995,0.005124920378151262,0.9951683639425669,False,False,Lowest temperature in NYC,Climate and Weather
KXLOWTOKC,0.5,buy_no_all,180,60,-0.10896642777777778,-0.1215147536111111,-0.09611430916666668,1.0,1.0,0.7664999999999998,-0.11179353333333333,1.0,-0.10613932222222222,-0.12263161000000002,-0.090023345,1.0,False,False,Low Temperature Oklahoma City,Climate and Weather
KXLOWTOKC,0.5,buy_yes_all,180,60,-0.02710716111111111,-0.04197636986111111,-0.010694144861111133,1.0,1.0,0.3495,-0.01739846666666666,0.8826666666666667,-0.03681585555555556,-0.05202851666666668,-0.02102141805555556,1.0,False,False,Low Temperature Oklahoma City,Climate and Weather
KXLOWTOKC,0.5,longshot_no_lt10,52,41,-0.021423634615384598,-0.0754513591628959,0.017901564755102056,0.8456134840802136,0.8266666666666667,0.9817307692307692,-0.02551922727272725,0.66,-0.018420199999999994,-0.08641410517241378,0.01711451045698926,0.9542601684254719,False,False,Low Temperature Oklahoma City,Climate and Weather
KXLOWTOKC,0.8,buy_no_all,178,60,-0.019562938202247197,-0.027942546614903897,-0.013274788881086151,1.0,1.0,0.686685393258427,-0.012412550561797757,1.0,-0.02671332584269663,-0.04136010158551811,-0.014179799709302335,1.0,False,False,Low Temperature Oklahoma City,Climate and Weather
KXLOWTOKC,0.8,buy_yes_all,178,60,-0.011003691011235958,-0.016036101470306513,-0.005365798314606744,0.9993333333333333,0.9993333333333333,0.34061797752808987,-0.012422561797752805,1.0,-0.0095848202247191,-0.01865638446629213,-0.00024779931818182766,0.9793333333333333,False,False,Low Temperature Oklahoma City,Climate and Weather
KXLOWTOKC,0.8,longshot_no_lt10,115,60,-0.006103686956521738,-0.023995621052631578,0.003161351717512805,0.855798942656077,0.644,0.9972173913043477,-0.013474711864406779,0.636,0.0016622142857142873,0.0008164035087719305,0.00275840740740741,0.9513170187853142,False,False,Low Temperature Oklahoma City,Climate and Weather
KXLOWTOKC,0.8,favorite_yes_gt90,53,53,-0.00884556603773584,-0.04763521603773584,0.012132648113207557,0.9009397220273726,0.632,0.9892452830188678,-0.022591413793103438,0.6413333333333333,0.007764000000000006,0.003880833333333337,0.01203787500000001,0.8293913815729067,False,False,Low Temperature Oklahoma City,Climate and Weather
KXLOWTOKC,0.95,buy_no_all,170,60,-0.017853129411764708,-0.026572433293460932,-0.01166447617521368,1.0,1.0,0.6694117647058824,-0.014359356321839087,1.0,-0.021515277108433737,-0.031553538095238094,-0.012265303915662655,1.0,False,False,Low Temperature Oklahoma City,Climate and Weather
KXLOWTOKC,0.95,buy_yes_all,170,60,-0.013872076470588237,-0.01930942037790698,-0.008641856170875192,1.0,1.0,0.35923529411764704,-0.01103003448275862,1.0,-0.016851084337349397,-0.027203886044176718,-0.00766952548192773,1.0,False,False,Low Temperature Oklahoma City,Climate and Weather
KXLOWTOKC,0.95,longshot_no_lt10,107,57,0.0012189158878504684,0.000427311926605505,0.0021706601941747596,0.9328409315028877,0.0006666666666666666,0.9986915887850468,0.0013803703703703716,0.009333333333333334,0.0010544150943396235,0.000172351851851852,0.0023295971153846173,0.97089281918979,False,False,Low Temperature Oklahoma City,Climate and Weather
KXLOWTOKC,0.95,favorite_yes_gt90,53,53,0.002987905660377361,0.0014049556603773596,0.004922452830188683,0.8533409937304695,0.0,0.9967924528301887,0.0034167666666666697,0.004,0.002428521739130437,0.0008093043478260876,0.004453319565217395,0.9456110622297943,False,False,Low Temperature Oklahoma City,Climate and Weather
KXLOWTPHIL,0.5,buy_no_all,170,58,-0.08424956470588235,-0.10436092645348835,-0.06570227178884712,1.0,1.0,0.7462352941176471,-0.07445486046511628,1.0,-0.09427747619047619,-0.12141230892857144,-0.07028566428571428,1.0,False,False,Lowest temperature in Philadelphia,Climate and Weather
KXLOWTPHIL,0.5,buy_yes_all,170,58,-0.03208387058823529,-0.051516337448700406,-0.016216692817919084,1.0,1.0,0.3514117647058823,-0.021945976744186045,0.9813333333333333,-0.04246314285714285,-0.07034149226190477,-0.01344976250000011,0.9973333333333333,False,False,Lowest temperature in Philadelphia,Climate and Weather
KXLOWTPHIL,0.5,longshot_no_lt10,57,50,-0.05297373684210526,-0.12192681973684211,0.00022006056034481921,0.9983232342011794,0.974,0.9815789473684212,-0.08444141379310345,0.9633333333333334,-0.020382214285714274,-0.09651263764245013,0.018655826657196988,0.9480837532381216,False,False,Lowest temperature in Philadelphia,Climate and Weather
KXLOWTPHIL,0.8,buy_no_all,165,58,-0.033907569696969696,-0.04877014496032912,-0.021202151213134752,1.0,1.0,0.6906060606060607,-0.03710025301204818,1.0,-0.03067595121951219,-0.05043653765427564,-0.01449686078387625,1.0,False,False,Lowest temperature in Philadelphia,Climate and Weather
KXLOWTPHIL,0.8,buy_yes_all,165,58,-0.009537836363636363,-0.018338162990489612,0.0012322147466075897,0.9653333333333334,0.9653333333333334,0.34442424242424236,-0.00611942168674699,0.778,-0.012997939024390242,-0.02305966555970718,0.00027782642153977044,0.974,False,False,Lowest temperature in Philadelphia,Climate and Weather
KXLOWTPHIL,0.8,longshot_no_lt10,86,53,-0.01663626744186046,-0.05256725115091463,0.00737325506586594,0.9946910738955644,0.8626666666666667,0.992906976744186,-0.014251595238095232,0.642,-0.018912545454545453,-0.07067339024390244,0.006333879862579277,0.9955499293423811,False,False,Lowest temperature in Philadelphia,Climate and Weather
KXLOWTPHIL,0.95,buy_no_all,160,57,-0.0321006125,-0.04664199213836478,-0.019503641612031285,1.0,1.0,0.697875,-0.032783625,1.0,-0.03141759999999999,-0.05122202661758144,-0.014883359790209796,1.0,False,False,Lowest temperature in Philadelphia,Climate and Weather
KXLOWTPHIL,0.95,buy_yes_all,160,57,-0.01632549375,-0.0271252689644399,-0.005089535869565219,0.998,0.998,0.3440625,-0.010246324999999997,0.8893333333333333,-0.022404662499999995,-0.040361009772727274,-0.007910169315518054,0.998,False,False,Lowest temperature in Philadelphia,Climate and Weather
KXLOWTPHIL,0.95,longshot_no_lt10,91,53,0.0033818351648351674,0.0015708710674157318,0.005733900655594407,0.8356536682037473,0.0,0.9963736263736264,0.00414266666666667,0.0,0.002637543478260872,0.0003836367559523813,0.006194651022727269,0.9336377854025941,False,False,Lowest temperature in Philadelphia,Climate and Weather
KXLOWTPHX,0.5,buy_no_all,180,60,-0.09200633888888889,-0.11362157597222222,-0.07047548694444447,1.0,1.0,0.7663888888888888,-0.07447364444444443,1.0,-0.10953903333333331,-0.1356721113888889,-0.08599362666666667,1.0,False,False,Low Temperature Phoenix,Climate and Weather
KXLOWTPHX,0.5,buy_yes_all,180,60,-0.016652061111111116,-0.03828390986111112,0.005735258888888841,0.93,0.93,0.3223888888888889,-0.023029055555555553,0.8933333333333333,-0.010275066666666673,-0.033361910555555555,0.01544230416666665,0.7873333333333333,False,False,Low Temperature Phoenix,Climate and Weather
KXLOWTPHX,0.5,longshot_no_lt10,50,41,-0.06302289999999999,-0.13930124950000003,-0.002389771933962267,0.994900114040026,0.9793333333333333,0.9817999999999999,-0.09181228571428571,0.966,-0.026381863636363623,-0.11241996422924899,0.02344461842105262,0.7070708469538864,False,False,Low Temperature Phoenix,Climate and Weather
KXLOWTPHX,0.8,buy_no_all,178,60,-0.024540112359550562,-0.042465005297412685,-0.006427184350599891,0.996,0.996,0.7074157303370786,-0.024400089887640444,0.914,-0.024680134831460667,-0.038961835825907266,-0.013458357290886392,1.0,False,False,Low Temperature Phoenix,Climate and Weather
KXLOWTPHX,0.8,buy_yes_all,178,60,-0.011487303370786512,-0.02865156570891259,0.004698325484903644,0.9166666666666666,0.9166666666666666,0.32303370786516855,-0.013763617977528087,0.802,-0.009210988764044945,-0.017479979114420063,0.0018390121910112373,0.9486666666666667,False,False,Low Temperature Phoenix,Climate and Weather
KXLOWTPHX,0.8,longshot_no_lt10,110,58,-0.03000408181818182,-0.06679656119511548,-0.0032119445945945897,0.9994722603694723,0.986,0.9931818181818182,-0.062378236363636354,0.9886666666666667,0.0023700727272727294,0.0011527886513157904,0.0037248618181818212,0.9357183066179328,False,False,Low Temperature Phoenix,Climate and Weather
KXLOWTPHX,0.8,favorite_yes_gt90,43,43,0.012364534883720938,0.007801348837209308,0.018010353488372106,0.5856755537505505,0.0,0.9867441860465116,0.015396450000000015,0.0,0.009728086956521742,0.004857043478260874,0.01644692065217386,0.7986428572701855,False,False,Low Temperature Phoenix,Climate and Weather
KXLOWTPHX,0.95,buy_no_all,173,60,-0.024346924855491336,-0.04188710977011496,-0.003770843858336247,0.99,0.99,0.7095953757225434,-0.020743172413793108,0.8793333333333333,-0.027992581395348836,-0.043142521070536836,-0.015363338015327714,1.0,False,False,Low Temperature Phoenix,Climate and Weather
KXLOWTPHX,0.95,buy_yes_all,173,60,-0.0148853063583815,-0.034144917777777783,0.0005000688294010821,0.968,0.968,0.3240462427745665,-0.021676494252873556,0.9153333333333333,-0.008015151162790701,-0.015108189969574038,0.0015307513173388144,0.9546666666666667,False,False,Low Temperature Phoenix,Climate and Weather
KXLOWTPHX,0.95,longshot_no_lt10,104,56,-0.0053086730769230745,-0.026522670192307692,0.006297942211538464,0.7852943373194204,0.6526666666666666,0.9953846153846155,0.007240530612244904,0.0,-0.01648887272727273,-0.054671755660377366,0.002532876294298922,0.9988712582220381,False,False,Low Temperature Phoenix,Climate and Weather
KXLOWTPHX,0.95,favorite_yes_gt90,42,42,-0.013591476190476192,-0.06266695773809523,0.013332972619047622,0.9312896443308383,0.6493333333333333,0.9890476190476192,-0.02846230434782609,0.6233333333333333,0.004410052631578951,0.0019593684210526333,0.007839684210526323,0.9194530410190898,False,False,Low Temperature Phoenix,Climate and Weather
KXLOWTSAN,0.5,buy_no_all,98,41,-0.1697705918367347,-0.22701797863886905,-0.11957776562252188,1.0,1.0,0.8483673469387757,-0.17482496,1.0,-0.164505625,-0.21901343645833332,-0.11352301041666665,1.0,False,False,Low Temperature San Diego,Climate and Weather
KXLOWTSAN,0.5,buy_yes_all,98,41,-0.19700132653061225,-0.3007002651002506,-0.11366334738231224,1.0,1.0,0.5057142857142857,-0.3389290999999999,1.0,-0.049159895833333335,-0.10018657604166667,0.008477255208333333,0.9533333333333334,False,False,Low Temperature San Diego,Climate and Weather
KXLOWTSAN,0.8,buy_no_all,86,39,-0.0728768023255814,-0.11847166936728395,-0.03351320872093028,1.0,1.0,0.7080232558139535,-0.08152704545454545,0.9926666666666667,-0.06381464285714286,-0.11071943858173075,-0.029253989388820668,1.0,False,False,Low Temperature San Diego,Climate and Weather
KXLOWTSAN,0.8,buy_yes_all,86,39,-0.11593411627906974,-0.1919901907490857,-0.05445344593729801,1.0,1.0,0.47186046511627905,-0.2071110909090909,1.0,-0.020415380952380952,-0.029480578284368068,-0.010461293333333335,1.0,False,False,Low Temperature San Diego,Climate and Weather
KXLOWTSAN,0.95,buy_no_all,88,37,-0.05175414772727272,-0.08100427125762194,-0.02936954954624028,1.0,1.0,0.6955681818181818,-0.07191037777777776,1.0,-0.030660418604651157,-0.04442116787878787,-0.01813742556818183,1.0,False,False,Low Temperature San Diego,Climate and Weather
KXLOWTSAN,0.95,buy_yes_all,88,37,-0.07814612499999998,-0.12283119688988096,-0.04206837445652175,1.0,1.0,0.4253409090909091,-0.12845428888888885,1.0,-0.025498046511627907,-0.03456916684782609,-0.01688501123928807,1.0,False,False,Low Temperature San Diego,Climate and Weather
KXLOWTSAN,0.95,longshot_no_lt10,42,27,0.005322619047619053,0.0028896647222222244,0.008152978750000008,0.8658058947621459,0.0,0.9942857142857144,0.00876776470588236,0.0,0.0029799200000000027,0.0010738846153846163,0.005374269230769236,0.9562216589042802,False,False,Low Temperature San Diego,Climate and Weather
KXLOWTSATX,0.5,buy_no_all,179,60,-0.10501420670391058,-0.1286109209722222,-0.08167621785924893,1.0,1.0,0.7672067039106144,-0.08805763333333333,1.0,-0.12216130337078651,-0.15309273770833334,-0.09256380870786517,1.0,False,False,Lowest Temperature SATX,Climate and Weather
KXLOWTSATX,0.5,buy_yes_all,179,60,-0.042566162011173185,-0.06573513230337079,-0.02208647695530729,1.0,1.0,0.36251396648044687,-0.041465655555555564,0.9866666666666667,-0.04367903370786517,-0.07097956741573035,-0.019203099529780575,1.0,False,False,Lowest Temperature SATX,Climate and Weather
KXLOWTSATX,0.5,longshot_no_lt10,60,51,-0.005936316666666664,-0.04284894640804597,0.014594929889112906,0.8959252668673937,0.65,0.9885,-0.02192348275862069,0.652,0.009019419354838718,0.005361545454545458,0.013991545000000013,0.7829948227112185,False,False,Lowest Temperature SATX,Climate and Weather
KXLOWTSATX,0.8,buy_no_all,174,60,-0.015528477011494258,-0.025866756271186443,-0.0023733163908046095,0.9893333333333333,0.9893333333333333,0.6746551724137931,-0.004877910112359558,0.742,-0.026680247058823527,-0.038384284859204254,-0.01727003625287669,1.0,False,False,Lowest Temperature SATX,Climate and Weather
KXLOWTSATX,0.8,buy_yes_all,174,60,-0.02111453448275862,-0.034879940765720076,-0.01186842877744607,1.0,1.0,0.3579885057471264,-0.020770775280898875,0.9993333333333333,-0.021474470588235286,-0.029783450410986363,-0.01427080424082694,1.0,False,False,Lowest Temperature SATX,Climate and Weather
KXLOWTSATX,0.8,longshot_no_lt10,108,58,0.003795111111111114,0.002488102792643563,0.005281083368105953,0.8020894149136091,0.0,0.9959259259259261,0.003103315789473687,0.0,0.004568294117647063,0.002327685576923079,0.007221781873315367,0.8796727650855911,False,False,Lowest Temperature SATX,Climate and Weather
KXLOWTSATX,0.8,favorite_yes_gt90,50,50,0.011746700000000007,0.007828492000000008,0.01632590949999999,0.5538774208366025,0.0,0.9874,0.008200240000000008,0.0,0.015293160000000014,0.009125161000000008,0.022212466999999965,0.6802583259419066,False,False,Lowest Temperature SATX,Climate and Weather
KXLOWTSATX,0.95,buy_no_all,167,60,-0.01953492215568863,-0.02518232609312647,-0.014526517153672125,1.0,1.0,0.6646706586826348,-0.015163023255813958,1.0,-0.024176691358024693,-0.03368263901442308,-0.016377634024847647,1.0,False,False,Lowest Temperature SATX,Climate and Weather
KXLOWTSATX,0.95,buy_yes_all,167,60,-0.01566835329341317,-0.020601914500073464,-0.01123910080808081,1.0,1.0,0.3672455089820359,-0.011658279069767442,1.0,-0.01992596296296296,-0.028930360973101272,-0.012473920481927718,1.0,False,False,Lowest Temperature SATX,Climate and Weather
KXLOWTSATX,0.95,longshot_no_lt10,104,58,0.0022404903846153868,0.0010289025277777787,0.0036838425718773815,0.8780126881726498,0.0,0.9975961538461539,0.0018969074074074092,0.0,0.0026115600000000024,0.0005474705882352946,0.005346336481900447,0.9293969630283853,False,False,Lowest Temperature SATX,Climate and Weather
KXLOWTSATX,0.95,favorite_yes_gt90,50,50,0.0048435600000000046,0.0027932200000000025,0.007265207000000006,0.784454738972463,0.0,0.9948,0.005656178571428576,0.0,0.003809318181818185,0.0012697727272727283,0.006771909090909096,0.9194634124058679,False,False,Lowest Temperature SATX,Climate and Weather
KXLOWTSDF,0.5,buy_no_all,81,32,-0.20741187654320986,-0.2760448646446078,-0.1480753284191177,1.0,1.0,0.8437037037037036,-0.23754942857142863,1.0,-0.1749560512820513,-0.2242186237179487,-0.13174145128205128,1.0,False,False,Lowest Temperature SDX,Climate and Weather
KXLOWTSDF,0.5,buy_yes_all,81,32,-0.18464416049382718,-0.26600384010256406,-0.10796338928571443,1.0,1.0,0.5346913580246913,-0.2356110476190476,1.0,-0.1297567435897436,-0.24886230000000004,-0.032466407051282155,0.9973333333333333,False,False,Lowest Temperature SDX,Climate and Weather
KXLOWTSDF,0.8,buy_no_all,74,29,-0.05965932432432434,-0.101087478125,-0.023862540000000033,1.0,1.0,0.6924324324324325,-0.073173,1.0,-0.04460122857142858,-0.08880003458333333,-0.008780815194805214,1.0,False,False,Lowest Temperature SDX,Climate and Weather
KXLOWTSDF,0.8,buy_yes_all,74,29,-0.034540554054054054,-0.06489753196756295,-0.01134611006250001,1.0,1.0,0.39608108108108103,-0.055437743589743585,1.0,-0.011255114285714296,-0.02824982944444445,0.008446113333333305,0.8693333333333333,False,False,Lowest Temperature SDX,Climate and Weather
KXLOWTSDF,0.8,longshot_no_lt10,41,26,-0.022573560975609756,-0.07915032753378379,0.002387316666666669,0.9989580846320203,0.6546666666666666,0.9980487804878051,-0.0481379,0.708,0.001773428571428573,0.0,0.004410789473684214,0.9789252081981626,False,False,Lowest Temperature SDX,Climate and Weather
KXLOWTSDF,0.95,buy_no_all,71,31,-0.05279852112676057,-0.0817773503338211,-0.029158808928571443,1.0,1.0,0.6697183098591549,-0.07624102702702704,1.0,-0.027287558823529418,-0.05527753744047619,-0.006171085714285716,1.0,False,False,Lowest Temperature SDX,Climate and Weather
KXLOWTSDF,0.95,buy_yes_all,71,31,-0.03822667605633801,-0.07434314727272726,-0.012772816523972646,0.9993333333333333,0.9993333333333333,0.41521126760563387,-0.06445364864864864,1.0,-0.009685558823529415,-0.020433845454545456,0.004537159848484839,0.916,False,False,Lowest Temperature SDX,Climate and Weather
KXLOWTSEA,0.5,buy_no_all,175,59,-0.08135408571428572,-0.09734784161931817,-0.06474898732369944,1.0,1.0,0.7402857142857142,-0.0677388426966292,1.0,-0.09544427906976745,-0.12336045086206895,-0.06397726618217056,1.0,False,False,Low Temperature Seattle,Climate and Weather
KXLOWTSEA,0.5,buy_yes_all,175,59,-0.029754348571428568,-0.04608955557803468,-0.014011750130007706,1.0,1.0,0.35,-0.018606887640449443,0.9773333333333334,-0.041290674418604636,-0.07013692921568625,-0.014791879861668014,0.9986666666666667,False,False,Low Temperature Seattle,Climate and Weather
KXLOWTSEA,0.5,longshot_no_lt10,54,48,-0.004869796296296284,-0.04169896323232322,0.017053535062893085,0.6253333333333333,0.6253333333333333,0.9853703703703706,0.01112265384615385,0.0,-0.01971992857142856,-0.08747458899425287,0.020571844712643686,0.9398006161867715,False,False,Low Temperature Seattle,Climate and Weather
KXLOWTSEA,0.8,buy_no_all,175,59,-0.019981668571428576,-0.028615819041396106,-0.01272618131259631,1.0,1.0,0.6867428571428571,-0.013070988764044947,1.0,-0.027133418604651165,-0.04504559864675221,-0.012864722445280455,1.0,False,False,Low Temperature Seattle,Climate and Weather
KXLOWTSEA,0.8,buy_yes_all,175,59,-0.012972954285714284,-0.017754971425287355,-0.008017884031791907,1.0,1.0,0.3421142857142857,-0.013426213483146062,1.0,-0.012503883720930233,-0.02111751356019152,-0.0032333933139535027,0.9953333333333333,False,False,Low Temperature Seattle,Climate and Weather
KXLOWTSEA,0.8,longshot_no_lt10,106,58,-0.007237858490566037,-0.026786734134615384,0.0027217488958924713,0.8802810150019335,0.6386666666666667,0.9976415094339621,0.002413962962962965,0.0,-0.017260903846153842,-0.05749052450000001,0.0027090181818181843,0.9984793719379501,False,False,Low Temperature Seattle,Climate and Weather
KXLOWTSEA,0.8,favorite_yes_gt90,49,49,-0.009371999999999993,-0.050573265306122446,0.012658727040816312,0.897999664862402,0.6253333333333333,0.9881632653061225,0.012083814814814827,0.0,-0.03570413636363637,-0.12362963636363637,0.010389396590909043,0.9807044292258503,False,False,Low Temperature Seattle,Climate and Weather
KXLOWTSEA,0.95,buy_no_all,172,59,-0.020647226744186044,-0.03249879555383788,-0.011716359487770663,1.0,1.0,0.6818023255813954,-0.01269095402298851,1.0,-0.028790705882352937,-0.0515670817718795,-0.012870472647058833,1.0,False,False,Low Temperature Seattle,Climate and Weather
KXLOWTSEA,0.95,buy_yes_all,172,59,-0.012324174418604651,-0.019126907502791026,-0.003927014224137936,0.9966666666666667,0.9966666666666667,0.3474418604651162,-0.014556045977011496,1.0,-0.010039788235294115,-0.021273774404761903,0.0062033323529411466,0.9106666666666666,False,False,Low Temperature Seattle,Climate and Weather
KXLOWTSEA,0.95,longshot_no_lt10,108,59,-0.006322796296296295,-0.02580695120789984,0.004222583105004105,0.9867953689491478,0.6353333333333333,0.9968518518518518,0.0031106296296296325,0.0006666666666666666,-0.01575622222222222,-0.05439501086719883,0.004195694263814012,0.9970520643214654,False,False,Low Temperature Seattle,Climate and Weather
KXLOWTSEA,0.95,favorite_yes_gt90,49,49,-0.013170489795918366,-0.05474619285714285,0.00953271020408163,0.9507647191813163,0.6253333333333333,0.9922448979591838,0.005024923076923078,0.004,-0.03373921739130436,-0.11847045326086955,0.013205320652173861,0.9790474784680584,False,False,Low Temperature Seattle,Climate and Weather
KXLOWTSFO,0.5,buy_no_all,175,59,-0.07592,-0.09027213916222761,-0.06232144822670716,1.0,1.0,0.7308571428571429,-0.06083721590909092,1.0,-0.09117614942528736,-0.11444993793103449,-0.07175801609195404,1.0,False,False,Lowest Temperature San Francisco,Climate and Weather
KXLOWTSFO,0.5,buy_yes_all,175,59,-0.03527632571428571,-0.04749622282502205,-0.023160932225433528,1.0,1.0,0.36325714285714283,-0.04016127272727272,1.0,-0.030335229885057474,-0.04837463620689656,-0.012183355747126447,0.9993333333333333,False,False,Lowest Temperature San Francisco,Climate and Weather
KXLOWTSFO,0.5,longshot_no_lt10,62,51,-0.05262762903225805,-0.11991612986909712,-0.004284840424739233,0.996800573418703,0.9853333333333333,0.9872580645161291,-0.05390743333333333,0.8846666666666667,-0.05142781249999999,-0.14941874435483868,0.011582396969696979,0.9976917086770437,False,False,Lowest Temperature San Francisco,Climate and Weather
KXLOWTSFO,0.8,buy_no_all,173,59,-0.038985890173410406,-0.053207378136688195,-0.02597294898843932,1.0,1.0,0.7002890173410405,-0.04079218181818182,1.0,-0.03711584705882352,-0.05868971481406356,-0.018743923014747615,1.0,False,False,Lowest Temperature San Francisco,Climate and Weather
KXLOWTSFO,0.8,buy_yes_all,173,59,-0.023009826589595373,-0.03418134258045977,-0.010240317977704387,1.0,1.0,0.35421965317919074,-0.03404706818181817,1.0,-0.01158303529411765,-0.029130017151162802,0.007941912122427135,0.8933333333333333,False,False,Lowest Temperature San Francisco,Climate and Weather
KXLOWTSFO,0.8,longshot_no_lt10,98,56,-0.013272602040816322,-0.04434040090909091,0.008277966446314103,0.9391371402201012,0.8673333333333333,0.9923469387755102,0.009328913043478267,0.0,-0.03326625,-0.08986233915094341,0.005928917272727277,0.9906728578412778,False,False,Lowest Temperature San Francisco,Climate and Weather
KXLOWTSFO,0.95,buy_no_all,171,59,-0.038519239766081875,-0.05231317876225491,-0.026068160411535313,1.0,1.0,0.6901754385964913,-0.04103227272727273,1.0,-0.035854819277108436,-0.05856567048328817,-0.016913825183661482,1.0,False,False,Lowest Temperature San Francisco,Climate and Weather
KXLOWTSFO,0.95,buy_yes_all,171,59,-0.025449976608187135,-0.03642466482558139,-0.014600577471596578,1.0,1.0,0.36678362573099416,-0.03591770454545454,1.0,-0.014351662650602408,-0.027180868072289154,-0.0007746640611225438,0.9813333333333333,False,False,Lowest Temperature San Francisco,Climate and Weather
KXLOWTSFO,0.95,longshot_no_lt10,96,58,-0.015588958333333328,-0.04626228151693667,0.005834272916666669,0.962543895869845,0.852,0.9943750000000001,0.004872659090909095,0.0,-0.03290263461538461,-0.0885550359508547,0.006068351131221716,0.9893881333363267,False,False,Lowest Temperature San Francisco,Climate and Weather
KXLOWTTTN,0.5,buy_no_all,109,39,-0.1784153853211009,-0.21909252090909093,-0.14064040946325512,1.0,1.0,0.861376146788991,-0.22281967272727268,1.0,-0.1331887962962963,-0.17924512916666668,-0.0922724125,1.0,False,False,Trenton Daily low temp ,Climate and Weather
KXLOWTTTN,0.5,buy_yes_all,109,39,-0.18598366972477065,-0.259367864555336,-0.11992423030358902,1.0,1.0,0.48972477064220177,-0.3199360363636363,1.0,-0.04955070370370372,-0.09855239120370371,-0.006317617592592615,0.992,False,False,Trenton Daily low temp ,Climate and Weather
KXLOWTTTN,0.8,buy_no_all,90,39,-0.09641523333333331,-0.14340788867382614,-0.05712191560606062,1.0,1.0,0.7265555555555555,-0.14943204347826086,1.0,-0.04098856818181818,-0.06617108036231885,-0.020760377880549682,1.0,False,False,Trenton Daily low temp ,Climate and Weather
KXLOWTTTN,0.8,buy_yes_all,90,39,-0.09168245555555554,-0.16193206268359853,-0.034035088520408215,1.0,1.0,0.45366666666666666,-0.14985128260869565,0.998,-0.030869590909090906,-0.0542347875,-0.009880037209302328,0.9966666666666667,False,False,Trenton Daily low temp ,Climate and Weather
KXLOWTTTN,0.95,buy_no_all,93,37,-0.04495988172043011,-0.06941764704301076,-0.021665580195150823,1.0,1.0,0.7082795698924732,-0.05688608163265307,1.0,-0.03167843181818182,-0.07497127318974631,0.005586739857881102,0.9513333333333334,False,False,Trenton Daily low temp ,Climate and Weather
KXLOWTTTN,0.95,buy_yes_all,93,37,-0.0486045806451613,-0.08567520726773228,-0.018575794021739197,1.0,1.0,0.3778494623655914,-0.06305779591836734,0.9973333333333333,-0.03250895454545455,-0.0616762181818182,-0.0069282259117336336,0.9953333333333333,False,False,Trenton Daily low temp ,Climate and Weather
KXLOWTTTN,0.95,longshot_no_lt10,50,30,0.0013041000000000012,0.00018249019607843154,0.002835464130434785,0.9616078686596018,0.014,0.9986,0.0004230454545454549,0.36,0.0019963571428571443,0.0,0.004300411538461542,0.9685321119411626,False,False,Trenton Daily low temp ,Climate and Weather
KXNASDAQ100,0.5,buy_no_all,120,40,-0.24363175833333334,-0.27825402770833335,-0.20421910583333333,1.0,1.0,0.9664166666666667,-0.2777449333333334,1.0,-0.2095185833333333,-0.2711983175,-0.14821473041666666,1.0,False,False,Nasdaq range,Financials
KXNASDAQ100,0.5,buy_yes_all,120,40,0.07165745000000001,0.03570754916666667,0.10612519145833332,0.17454470387161802,0.0,0.19283333333333333,0.09741515000000002,0.0,0.04589975,-0.008570040833333332,0.09873042499999994,0.31612043697331993,False,False,Nasdaq range,Financials
KXNASDAQ100,0.8,buy_no_all,119,40,-0.1720538067226891,-0.20483906223163842,-0.14042914145833335,1.0,1.0,0.8888235294117647,-0.19834,1.0,-0.14532208474576266,-0.19665722916666667,-0.09596336186440678,1.0,False,False,Nasdaq range,Financials
KXNASDAQ100,0.8,buy_yes_all,119,40,0.050247789915966394,0.012508369557566618,0.08358391843137251,0.28808829270932146,0.004666666666666667,0.216218487394958,0.06952158333333333,0.0,0.030647322033898305,-0.025268563383985965,0.0868260579166666,0.3994266757539808,False,False,Nasdaq range,Financials
KXNASDAQ100,0.95,buy_no_all,120,40,-0.12268287499999998,-0.159534774375,-0.08337327062500004,1.0,1.0,0.8410833333333334,-0.14859564999999997,1.0,-0.09677009999999998,-0.16087722166666665,-0.03732924041666675,0.9986666666666667,False,False,Nasdaq range,Financials
KXNASDAQ100,0.95,buy_yes_all,120,40,-0.006195850000000003,-0.039657277500000004,0.026397148125,0.672,0.672,0.27099999999999996,0.0016198166666666616,0.43733333333333335,-0.014011516666666668,-0.0617987425,0.03314468874999996,0.6886666666666666,False,False,Nasdaq range,Financials
KXNASDAQ100,0.95,longshot_no_lt10,42,29,-0.03184611904761903,-0.10407656094657373,0.017037849254742554,0.9236894881617241,0.8713333333333333,0.983095238095238,-0.09680117647058821,0.8906666666666667,0.012323320000000013,0.005019430769230773,0.020777374999999983,0.8200433222748786,False,False,Nasdaq range,Financials
KXNASDAQDUD,0.5,buy_no_all,40,40,-0.09241105000000001,-0.22779122000000002,0.042177293124999904,0.9213333333333333,0.9213333333333333,0.5025000000000001,-0.02017514999999999,0.5713333333333334,-0.16464695000000001,-0.3396547125,0.017804506249999897,0.9593333333333334,False,False,NASDAQDUD,Financials
KXNASDAQDUD,0.5,buy_yes_all,40,40,-0.04980217499999999,-0.1883875875,0.08698552624999997,0.7933244779833303,0.74,0.6112500000000001,-0.12778004999999998,0.9086666666666666,0.028175699999999998,-0.15799279,0.20924788499999994,0.49600988070721896,False,False,NASDAQDUD,Financials
KXNASDAQDUD,0.8,buy_no_all,40,40,-0.1638786,-0.274874426875,-0.060592604375000005,0.9993333333333333,0.9993333333333333,0.5795,-0.1105634,0.9126666666666666,-0.2171938,-0.36878288750000005,-0.06585497375000011,0.9966666666666667,False,False,NASDAQDUD,Financials
KXNASDAQDUD,0.8,buy_yes_all,40,40,-0.07665635,-0.2028312575,0.049065888124999964,0.8893333333333333,0.8893333333333333,0.6425,-0.18384255,0.9813333333333333,0.030529850000000004,-0.12102688875,0.1759556374999999,0.4872474621165812,False,False,NASDAQDUD,Financials
KXNASDAQDUD,0.95,buy_no_all,40,40,-0.11092914999999999,-0.19980489625,-0.027168953125,0.996,0.996,0.5295,-0.06873275000000001,0.834,-0.15312555,-0.26932664125000005,-0.05908142875000005,1.0,False,False,NASDAQDUD,Financials
KXNASDAQDUD,0.95,buy_yes_all,40,40,-0.089882875,-0.17707555,-0.008264999375000012,0.9826666666666667,0.9826666666666667,0.6587500000000001,-0.13191295,0.9766666666666667,-0.04785280000000001,-0.14474551374999997,0.03037112124999995,0.85,False,False,NASDAQDUD,Financials
KXNATGASD,0.5,buy_no_all,77,27,-0.15413028571428572,-0.2857947049332409,-0.029663780519480563,0.992,0.992,0.5706493506493505,-0.14771946153846152,0.928,-0.16070981578947371,-0.34769735257352946,0.031468284671052574,0.954,False,False,Natural Gas Daily,Commodities
KXNATGASD,0.5,buy_yes_all,77,27,0.033767389610389595,-0.10565964619753088,0.17934678022831044,0.5045511099690189,0.306,0.5263636363636365,0.036872307692307656,0.3873333333333333,0.030580763157894725,-0.16418391363304094,0.2204909481845238,0.5708946640083202,False,False,Natural Gas Daily,Commodities
KXNATGASD,0.8,buy_no_all,77,27,-0.17747723376623376,-0.30480526487341775,-0.05002631195955966,0.9946666666666667,0.9946666666666667,0.5959740259740259,-0.18263561538461537,0.9533333333333334,-0.1721831052631579,-0.33816752749999995,-0.007270981615497111,0.9786666666666667,False,False,Natural Gas Daily,Commodities
KXNATGASD,0.8,buy_yes_all,77,27,0.1052196623376623,-0.021460269480519482,0.23271523868354427,0.23005934849418513,0.058,0.45636363636363636,0.13391899999999998,0.11266666666666666,0.07576507894736843,-0.10218538451388887,0.24367438515625,0.4310398316482402,False,False,Natural Gas Daily,Commodities
KXNATGASD,0.95,buy_no_all,77,27,-0.1184854285714286,-0.2344059203376624,0.00036264454430377964,0.974,0.974,0.5353246753246753,-0.10885107692307691,0.8833333333333333,-0.12837331578947367,-0.29812703897058823,0.05456535148026311,0.9233333333333333,False,False,Natural Gas Daily,Commodities
KXNATGASD,0.95,buy_yes_all,77,27,0.04575611688311688,-0.07177444230593609,0.1606385972727272,0.4543915466653216,0.21133333333333335,0.5136363636363636,0.041980820512820496,0.32466666666666666,0.04963076315789474,-0.12073046724264708,0.2139092928571428,0.5115370252396668,False,False,Natural Gas Daily,Commodities
KXRAIN,0.5,buy_no_all,172,59,0.001912959302325579,-0.0685486168673865,0.07065586075581395,0.5350443442984263,0.4553333333333333,0.5437790697674418,-0.054081068965517246,0.8653333333333333,0.05922449411764707,-0.031025610344827585,0.15200244565772658,0.2521942263766481,False,False,Where will it rain daily,Climate and Weather
KXRAIN,0.5,buy_yes_all,172,59,-0.05991296511627909,-0.1276843843248663,0.008546948302592684,0.9553333333333334,0.9553333333333334,0.48918604651162784,-0.015974701149425292,0.6293333333333333,-0.1048850705882353,-0.19783421,-0.01616884626436788,0.988,False,False,Where will it rain daily,Climate and Weather
KXRAIN,0.8,buy_no_all,172,59,0.05073816279069767,-0.008917723099415206,0.10889331758271877,0.2525147263253309,0.04666666666666667,0.49779069767441864,0.029264954022988492,0.238,0.07271662352941179,-0.010400767799564264,0.1634579338731395,0.20769393306714057,False,False,Where will it rain daily,Climate and Weather
KXRAIN,0.8,buy_yes_all,172,59,-0.09528023837209301,-0.15370547395833334,-0.03585694754750517,0.9986666666666667,0.9986666666666667,0.5273837209302326,-0.07658049425287355,0.9686666666666667,-0.11441997647058823,-0.20742608893723039,-0.029952341176470606,0.9966666666666667,False,False,Where will it rain daily,Climate and Weather
KXRAIN,0.95,buy_no_all,172,59,0.015703959302325585,-0.012894437235067434,0.0443919248671155,0.44992741153762017,0.134,0.5384302325581395,-0.013645689655172415,0.732,0.045744188235294116,0.012884351064908725,0.08382725734585388,0.30148352763956204,False,False,Where will it rain daily,Climate and Weather
KXRAIN,0.95,buy_yes_all,172,59,-0.04375251744186046,-0.07333774133927343,-0.014979694109195417,1.0,1.0,0.48122093023255813,-0.01700913793103448,0.8013333333333333,-0.07112515294117647,-0.11066279140973631,-0.03688991262677485,1.0,False,False,Where will it rain daily,Climate and Weather
KXRAIN,0.95,longshot_no_lt10,62,45,0.02076909677419356,0.015563294154228868,0.02647480927942257,0.3888928736037416,0.0,0.977741935483871,0.02132714285714287,0.0,0.020309529411764716,0.012858404411764713,0.028389246093749987,0.5987176932835939,False,False,Where will it rain daily,Climate and Weather
KXRAIN,0.95,favorite_yes_gt90,66,46,-0.012176833333333333,-0.04400943548387097,0.00333021724576271,0.9916036164094792,0.652,0.9968181818181817,0.0030287027027027028,0.043333333333333335,-0.031577,-0.10174811111111112,0.0,1.0,False,False,Where will it rain daily,Climate and Weather
KXSHIBA,0.8,buy_no_all,73,35,-0.06914750684931506,-0.12508918951316594,-0.02642790436708862,1.0,1.0,0.8336986301369864,-0.09939224324324324,1.0,-0.03806263888888888,-0.10303180837286527,-0.0029799346874999984,0.992,False,False,Shiba range,Crypto
KXSHIBA,0.8,buy_yes_all,73,35,-0.1177644109589041,-0.18233869865689212,-0.06342778721919977,1.0,1.0,0.34712328767123285,-0.08907635135135136,1.0,-0.1472493611111111,-0.26212721396551725,-0.06531432758769412,1.0,False,False,Shiba range,Crypto
KXSHIBA,0.95,buy_no_all,87,40,-0.052978045977011494,-0.09767738266840419,-0.0180045982080589,1.0,1.0,0.8797701149425288,-0.03253995454545455,1.0,-0.07389144186046513,-0.14461663756097562,-0.008063307267441897,1.0,False,False,Shiba range,Crypto
KXSHIBA,0.95,buy_yes_all,87,40,-0.12262155172413793,-0.2105866354425466,-0.046676146684740044,1.0,1.0,0.29344827586206895,-0.014588249999999999,1.0,-0.23316725581395345,-0.40976986942618804,-0.1016179625,1.0,False,False,Shiba range,Crypto
KXSHIBA,0.95,longshot_no_lt10,61,34,0.00030514754098360684,0.0,0.0008460909090909097,0.9896770515068332,0.12333333333333334,0.999672131147541,0.0005474705882352946,0.13,0.0,0.0,0.0,1.0,False,False,Shiba range,Crypto
KXSHIBAD,0.8,buy_no_all,42,28,-0.02054511904761906,-0.10425676798780485,0.05442674887770897,0.76485830400303,0.706,0.684047619047619,0.03771504761904763,0.21866666666666668,-0.07880528571428573,-0.212704896875,0.014207900789473583,0.9506666666666667,False,False,Shiba price Above/below,Crypto
KXSHIBAD,0.8,buy_yes_all,42,28,-0.1979459761904762,-0.31928529285714286,-0.09656035425304876,1.0,1.0,0.5278571428571428,-0.3034962857142857,0.9993333333333333,-0.09239566666666667,-0.22269198970588233,-0.023861952380952383,1.0,False,False,Shiba price Above/below,Crypto
KXSHIBAD,0.95,buy_no_all,42,26,-0.07498166666666667,-0.16669081033783786,-0.00591207825581398,0.9886666666666667,0.9886666666666667,0.74,0.008868857142857137,0.20066666666666666,-0.1588321904761905,-0.3460907649264706,-0.04728496210212208,1.0,False,False,Shiba price Above/below,Crypto
KXSHIBAD,0.95,buy_yes_all,42,26,-0.1889962619047619,-0.3115937105769231,-0.09062978958333345,1.0,1.0,0.5202380952380953,-0.30797842857142854,1.0,-0.07001409523809524,-0.16752995789473685,-0.01342011500000001,1.0,False,False,Shiba price Above/below,Crypto
KXSILVERD,0.5,buy_no_all,94,32,0.03704542553191488,-0.10052404731182797,0.18002786589739178,0.454811773753132,0.31133333333333335,0.4946808510638298,-0.014538957446808509,0.5593333333333333,0.08862980851063827,-0.11247918970523049,0.29806639225694437,0.23849741490190574,False,False,Silver daily,Commodities
KXSILVERD,0.5,buy_yes_all,94,32,-0.08339824468085107,-0.22643722715053763,0.05229016505376338,0.874,0.874,0.5301063829787233,-0.031750872340425534,0.6253333333333333,-0.1350456170212766,-0.3419951788352273,0.0658264334663118,0.9446877868996877,False,False,Silver daily,Commodities
KXSILVERD,0.8,buy_no_all,94,32,0.024015744680851065,-0.11028803130434783,0.16106587675531892,0.4220293665032605,0.36333333333333334,0.5172340425531916,-0.026682959183673482,0.626,0.07922099999999999,-0.12480559500000002,0.29472738666666665,0.4260281706262242,False,False,Silver daily,Commodities
KXSILVERD,0.8,buy_yes_all,94,32,-0.07059293617021278,-0.20534336010869567,0.06368647546253449,0.8602510600105098,0.8386666666666667,0.5053191489361702,-0.021722836734693888,0.5706666666666667,-0.12380704444444447,-0.33898835722222226,0.08088210055555549,0.89,False,False,Silver daily,Commodities
KXSILVERD,0.95,buy_no_all,95,32,0.010448442105263155,-0.06355767328283997,0.08624215241601339,0.5968224276448839,0.38866666666666666,0.5263157894736844,-0.007068040000000012,0.5353333333333333,0.029911199999999995,-0.055827199999999993,0.11476176611111111,0.5800846302174874,False,False,Silver daily,Commodities
KXSILVERD,0.95,buy_yes_all,95,32,-0.06185497894736842,-0.1378998715789474,0.014989368504004555,0.9306666666666666,0.9306666666666666,0.5041052631578947,-0.03918446,0.736,-0.08704444444444447,-0.17658099944444447,0.0047924433333332035,0.9673333333333334,False,False,Silver daily,Commodities
KXSILVERH,0.5,buy_no_all,71,26,-0.07427701408450706,-0.27095649620309703,0.12753917924369737,0.8775836567954112,0.7833333333333333,0.654929577464789,-0.026221108108108085,0.5646666666666667,-0.12657314705882355,-0.379694787657563,0.13234244889705862,0.9505177780403341,False,False,Silver Hourly,Commodities
KXSILVERH,0.5,buy_yes_all,71,26,-0.2778957887323944,-0.4932694517408676,-0.06594589940878479,0.9996278521765045,0.9953333333333333,0.6761971830985916,-0.35288583783783783,0.9873333333333333,-0.1962889705882353,-0.4484982786764706,0.05656923529411762,0.9406666666666667,False,False,Silver Hourly,Commodities
KXSILVERH,0.8,buy_no_all,71,26,-0.0033976478873239385,-0.2163210359589041,0.20365527883561638,0.6542361206127661,0.502,0.5843661971830986,-0.05327291891891892,0.6186666666666667,0.050878382352941176,-0.18595866119791668,0.28888900085784297,0.6341209071380942,False,False,Silver Hourly,Commodities
KXSILVERH,0.8,buy_yes_all,71,26,-0.1233819295774648,-0.333059390085639,0.08683134634340217,0.9557332526298069,0.886,0.5204225352112676,-0.08243232432432433,0.6866666666666666,-0.16794473529411763,-0.4121779095588235,0.07018996907169114,0.92,False,False,Silver Hourly,Commodities
KXSILVERH,0.95,buy_no_all,71,26,0.05488026760563381,-0.08309551188725489,0.180070520892857,0.41698750593498146,0.20933333333333334,0.5280281690140846,0.11470218918918919,0.13266666666666665,-0.010220058823529417,-0.16286755931372549,0.1366977679687499,0.7815856674879489,False,False,Silver Hourly,Commodities
KXSILVERH,0.95,buy_yes_all,71,26,-0.1583189014084507,-0.28271363403001615,-0.017863392950097926,0.9886666666666667,0.9886666666666667,0.5583098591549295,-0.20984181081081085,0.9806666666666667,-0.10224985294117647,-0.24764521128472222,0.049240975367646767,0.9173333333333333,False,False,Silver Hourly,Commodities
KXSOFRD,0.5,buy_no_all,81,30,-0.0050761358024691275,-0.04096978735294117,0.029093496874999993,0.7925506105249482,0.5986666666666667,0.8899999999999999,0.0015425952380952444,0.456,-0.012203999999999993,-0.045332593589743585,0.010754578205128196,0.8151218678217432,False,False,Daily SOFR,Economics
KXSOFRD,0.5,buy_yes_all,81,30,-0.09481707407407405,-0.15559848784722222,-0.046267060165441194,1.0,1.0,0.20012345679012347,-0.13223449999999998,1.0,-0.054521384615384624,-0.10043149038461538,-0.021206111538461546,1.0,False,False,Daily SOFR,Economics
KXSOFRD,0.8,buy_no_all,76,30,-4.3842105263147324e-05,-0.03387021064392705,0.036498160796019884,0.721550538082266,0.49066666666666664,0.8778947368421051,-0.0012703947368420997,0.51,0.0011827105263158037,-0.018393216666666653,0.01758385679824562,0.7181693635193827,False,False,Daily SOFR,Economics
KXSOFRD,0.8,buy_yes_all,76,30,-0.07326911842105262,-0.12388526857142856,-0.031905605485232066,0.9993333333333333,0.9993333333333333,0.18618421052631579,-0.0925133947368421,0.9866666666666667,-0.05402484210526315,-0.0842666064102564,-0.02729668357843141,1.0,False,False,Daily SOFR,Economics
KXSOFRD,0.95,buy_no_all,69,29,0.004319260869565228,-0.03184372999999999,0.04313718435202206,0.7344701934859502,0.4053333333333333,0.8757971014492754,0.005852944444444454,0.422,0.00264615151515153,-0.018674454999999986,0.020623296323529418,0.7881046288876661,False,False,Daily SOFR,Economics
KXSOFRD,0.95,buy_yes_all,69,29,-0.08730626086956522,-0.1458198399264706,-0.037481681808760034,1.0,1.0,0.19768115942028983,-0.11401347222222223,0.9946666666666667,-0.05817112121212122,-0.08934970064102563,-0.0284794337745098,1.0,False,False,Daily SOFR,Economics
KXTXERCOTPEAKD,0.5,buy_no_all,104,36,-0.03345365384615385,-0.13751330965039207,0.07444371037473028,0.7643577612294011,0.748,0.6982692307692309,0.01025950000000001,0.43933333333333335,-0.08066385999999999,-0.24115341841063345,0.1140127564927856,0.8607478865216641,False,False,Texas ERCOT peak electricity demand,Economics
KXTXERCOTPEAKD,0.5,buy_yes_all,104,36,-0.20442418269230772,-0.3169233786475189,-0.09166228196261686,1.0,1.0,0.5218269230769231,-0.2326216666666667,1.0,-0.17397089999999998,-0.3690889313769957,-0.009716938503401567,0.9813333333333333,False,False,Texas ERCOT peak electricity demand,Economics
KXTXERCOTPEAKD,0.8,buy_no_all,103,36,-0.021178077669902914,-0.0572787957726655,-0.002634741134850169,1.0,1.0,0.7100970873786407,-0.0030942037037037066,1.0,-0.041107244897959194,-0.12015514893617021,-0.002352460000000002,1.0,False,False,Texas ERCOT peak electricity demand,Economics
KXTXERCOTPEAKD,0.8,buy_yes_all,103,36,-0.021903689320388352,-0.062933067511655,0.011420404602150533,0.9013333333333333,0.9013333333333333,0.3312621359223301,-0.030650018518518514,1.0,-0.012264877551020409,-0.07411816326530613,0.04872317401960782,0.6750189628855247,False,False,Texas ERCOT peak electricity demand,Economics
KXTXERCOTPEAKD,0.8,longshot_no_lt10,66,34,0.00014101515151515164,0.0,0.0004503387096774197,0.9952166237250516,0.35133333333333333,0.999848484848485,0.00025154054054054073,0.334,0.0,0.0,0.0,1.0,False,False,Texas ERCOT peak electricity demand,Economics
KXTXERCOTPEAKD,0.95,buy_no_all,83,33,-0.011135891566265065,-0.029823622756410255,-0.0016691277797544941,1.0,1.0,0.7577108433734939,-0.0021180000000000023,0.9993333333333333,-0.020830125000000005,-0.05917802171052632,-0.001257434039313405,1.0,False,False,Texas ERCOT peak electricity demand,Economics
KXTXERCOTPEAKD,0.95,buy_yes_all,83,33,-0.027756915662650605,-0.053076979440657576,-0.009818894791011943,1.0,1.0,0.2795180722891566,-0.024809093023255815,1.0,-0.030925825,-0.08077681578947368,-0.006472078947368422,1.0,False,False,Texas ERCOT peak electricity demand,Economics
KXTXERCOTPEAKD,0.95,longshot_no_lt10,58,32,0.0003209310344827589,0.0,0.0008460909090909097,0.9897811297028354,0.12333333333333334,0.9996551724137932,0.0006204666666666671,0.114,0.0,0.0,0.0,1.0,False,False,Texas ERCOT peak electricity demand,Economics
KXUSDJPY,0.5,buy_no_all,123,41,-0.15608984552845526,-0.19969528292682925,-0.11159590691056913,1.0,1.0,0.9238211382113823,-0.12415855555555556,1.0,-0.1896177,-0.24597352541666664,-0.12586524791666673,1.0,False,False,USD/JPY daily range,Financials
KXUSDJPY,0.5,buy_yes_all,123,41,0.07515456910569107,0.03459836402439024,0.11637834552845527,0.16299952672562215,0.0006666666666666666,0.14439024390243904,0.036677269841269844,0.14066666666666666,0.11555573333333331,0.05954811041666667,0.16509528083333325,0.1207975459827981,False,False,USD/JPY daily range,Financials
KXUSDJPY,0.5,longshot_no_lt10,60,34,-0.10688953333333333,-0.1902403082357473,-0.02384870089341696,0.9997569215546663,0.9986666666666667,0.9716666666666669,-0.038051379310344816,0.83,-0.17128651612903223,-0.3099524178030303,-0.04661401461693552,0.9999729563831863,False,False,USD/JPY daily range,Financials
KXUSDJPY,0.8,buy_no_all,123,41,-0.12957621951219508,-0.17512022479674796,-0.08305425792682936,1.0,1.0,0.8961788617886179,-0.10073526984126982,1.0,-0.15985921666666666,-0.22260159541666663,-0.09044451708333334,1.0,False,False,USD/JPY daily range,Financials
KXUSDJPY,0.8,buy_yes_all,123,41,-0.018818430894308937,-0.08166846727642275,0.04365055569105675,0.7266666666666667,0.7266666666666667,0.2369918699186992,-0.06919771428571428,0.9346666666666666,0.034079816666666665,-0.04655650458333333,0.10209995458333322,0.44016765003946245,False,False,USD/JPY daily range,Financials
KXUSDJPY,0.95,buy_no_all,123,41,-0.08565943089430895,-0.129397875,-0.04263796991869919,0.9993333333333333,0.9993333333333333,0.8504065040650406,-0.06397331746031747,0.98,-0.10842984999999998,-0.16581987124999997,-0.039886082916666725,0.9986666666666667,False,False,USD/JPY daily range,Financials
KXUSDJPY,0.95,buy_yes_all,123,41,-0.015636097560975618,-0.06882807723577235,0.03527123943089424,0.7246666666666667,0.7246666666666667,0.23284552845528453,-0.055493063492063496,0.9393333333333334,0.02621371666666665,-0.040805733333333344,0.0803514879166666,0.47454166739666986,False,False,USD/JPY daily range,Financials
KXWTI,0.5,buy_no_all,119,40,-0.1634971260504202,-0.3148359752296681,-0.0011482777083336748,0.988678695071711,0.9746666666666667,0.5552941176470589,-0.32134359999999995,0.9973333333333333,-0.002975288135593219,-0.2187364854885058,0.19683879041666666,0.6279228788362866,False,False,WTI oil on day,Commodities
KXWTI,0.5,buy_yes_all,119,40,0.11845156302521008,-0.04687254375000001,0.2727196897058823,0.08310363174297095,0.06866666666666667,0.46655462184873936,0.2787797333333334,0.005333333333333333,-0.04459403389830511,-0.2470998568714689,0.17099170508474557,0.7089225294212169,False,False,WTI oil on day,Commodities
KXWTI,0.8,buy_no_all,119,40,-0.18932606722689077,-0.34174941124999997,-0.03795966437500002,0.9955420132344106,0.9893333333333333,0.5811764705882354,-0.29364566666666664,0.994,-0.08323833898305086,-0.30564170889830505,0.12341033220338968,0.8556272177985104,False,False,WTI oil on day,Commodities
KXWTI,0.8,buy_yes_all,119,40,0.08347652100840336,-0.06373310841101695,0.2242966254060734,0.1735644979109725,0.124,0.5003361344537816,0.20806503333333332,0.02666666666666667,-0.04322366101694915,-0.2225966895762712,0.1499801081497172,0.7046344522232026,False,False,WTI oil on day,Commodities
KXWTI,0.95,buy_no_all,119,40,-0.040454781512605044,-0.16186816640889828,0.07828088681144063,0.7621225108264353,0.7506666666666667,0.4325210084033614,-0.1558888,0.9613333333333334,0.07693574576271188,-0.08099944999999997,0.22556292981443596,0.3446318961578104,False,False,WTI oil on day,Commodities
KXWTI,0.95,buy_yes_all,119,40,0.002529890756302511,-0.11430031504943503,0.12410292249999988,0.537869696727292,0.472,0.5829411764705883,0.11542475,0.09133333333333334,-0.11227844067796612,-0.2606411695833334,0.04486623531073421,0.906,False,False,WTI oil on day,Commodities
KXWTIH,0.5,buy_no_all,73,27,-0.22951449315068498,-0.41332092966666667,-0.040760148928571466,0.9986308581658322,0.9873333333333333,0.7534246575342466,-0.3516172307692308,0.9933333333333333,-0.0894554705882353,-0.38700099862903226,0.1675945400537634,0.9003763508777662,False,False,WTI Hourly,Commodities
KXWTIH,0.5,buy_yes_all,73,27,-0.3791642465753424,-0.5270979960701754,-0.22233764928082195,1.0,1.0,0.8367123287671233,-0.3073804358974359,1.0,-0.4615045,-0.6617268886418268,-0.22671865069073086,1.0,False,False,WTI Hourly,Commodities
KXWTIH,0.8,buy_no_all,82,28,-0.037909195121951206,-0.18290757957317072,0.10997184420731698,0.7294277682623157,0.6933333333333334,0.5624390243902438,-0.1636083414634146,0.962,0.0877899512195122,-0.11301584923054586,0.3039176231707317,0.3272405188802272,False,False,WTI Hourly,Commodities
KXWTIH,0.8,buy_yes_all,82,28,-0.10972796341463413,-0.2517962097222222,0.03447690267857113,0.9373333333333334,0.9373333333333334,0.5610975609756097,0.009334292682926838,0.46,-0.22879021951219508,-0.4531074358974359,-0.014317353019744712,0.9853333333333333,False,False,WTI Hourly,Commodities
KXWTIH,0.95,buy_no_all,82,28,-0.012568182926829284,-0.1268860924698795,0.10833002146604931,0.6321368118340278,0.5873333333333334,0.5413414634146341,-0.08811570731707316,0.8886666666666667,0.06297934146341462,-0.09744100673076925,0.24630588869047618,0.3982066170146249,False,False,WTI Hourly,Commodities
KXWTIH,0.95,buy_yes_all,82,28,-0.12133662195121951,-0.24018632849157956,-0.0069784084337349795,0.98,0.98,0.5767073170731707,-0.038191536585365865,0.7026666666666667,-0.20448170731707316,-0.38187310834785126,-0.045204087500000295,0.9946666666666667,False,False,WTI Hourly,Commodities
KXYTVIEWSD,0.5,buy_no_all,56,28,-0.7510014107142856,-0.896520253187322,-0.5846033474206349,1.0,1.0,0.9458928571428571,-0.6028000000000001,1.0,-0.9220030384615385,-1.0,-0.8051085953125016,1.0,False,False,daily view count,Entertainment
KXYTVIEWSD,0.5,buy_yes_all,56,28,-0.17096076785714284,-0.3155377719339622,-0.0483620495807128,0.9993548385208691,0.9986666666666667,0.9726785714285714,-0.27669750000000004,0.9993333333333333,-0.048956846153846115,-0.16500220129629622,0.029135125000000026,0.9275849429251669,False,False,daily view count,Entertainment
KXYTVIEWSD,0.8,buy_no_all,131,57,-0.49961717557251917,-0.5794217966608595,-0.4257266914901194,1.0,1.0,0.611145038167939,-0.5397333376623377,1.0,-0.44241450000000004,-0.5199965942942671,-0.37197353869551086,1.0,False,False,daily view count,Entertainment
KXYTVIEWSD,0.8,buy_yes_all,131,57,-0.10027157251908397,-0.1625889651119403,-0.042575085338445263,1.0,1.0,0.9770992366412212,-0.1349008961038961,0.998,-0.05089272222222222,-0.12316232302744426,0.0014688241276594848,0.9998093287943421,False,False,daily view count,Entertainment
KXYTVIEWSD,0.95,buy_no_all,138,60,-0.44587169565217394,-0.5172070891740718,-0.3758434182291667,1.0,1.0,0.5511594202898551,-0.41371720779220783,1.0,-0.4864601475409836,-0.5714889799242424,-0.4092614947402598,1.0,False,False,daily view count,Entertainment
KXYTVIEWSD,0.95,buy_yes_all,138,60,-0.0355821884057971,-0.06930905737226277,-0.006189883066755935,0.9973333333333333,0.9973333333333333,0.9189855072463768,-0.025657545454545447,0.9386666666666666,-0.048110016393442624,-0.11102482482501522,0.00014215412004661988,0.9999964820369522,False,False,daily view count,Entertainment
KXYTVIEWSW,0.5,buy_no_all,189,69,-0.08879830158730159,-0.15294480492100065,-0.029002177115059317,1.0,1.0,0.6964550264550264,-0.04386069473684209,0.8526666666666667,-0.13421396808510636,-0.22316105981080772,-0.05039084279711896,0.9993333333333333,False,False,Highest daily view count this week,Entertainment
KXYTVIEWSW,0.5,buy_yes_all,189,69,-0.21415951322751328,-0.2766655896440262,-0.15768867494405375,1.0,1.0,0.5935449735449736,-0.2674486842105263,1.0,-0.16030343617021275,-0.24080929998614342,-0.08422638145161289,1.0,False,False,Highest daily view count this week,Entertainment
KXYTVIEWSW,0.5,longshot_no_lt10,50,33,-0.006766139999999993,-0.04792004269770407,0.014551139687500008,0.9294115820869102,0.646,0.9858000000000001,-0.02373214285714285,0.66,0.014826954545454558,0.01000596111111112,0.021601684210526335,0.7992595130566464,False,False,Highest daily view count this week,Entertainment
KXYTVIEWSW,0.8,buy_no_all,180,68,-0.10124193333333334,-0.14948109994147393,-0.05588394760708042,1.0,1.0,0.7361111111111112,-0.048138244444444436,0.9826666666666667,-0.1543456222222222,-0.22473673885964915,-0.08588713267045456,1.0,False,False,Highest daily view count this week,Entertainment
KXYTVIEWSW,0.8,buy_yes_all,180,68,-0.09960680555555557,-0.14348177385870994,-0.057451045751624075,1.0,1.0,0.4562777777777777,-0.1341992777777778,1.0,-0.06501433333333333,-0.11367449300652804,-0.01623866960403727,0.996,False,False,Highest daily view count this week,Entertainment
KXYTVIEWSW,0.8,longshot_no_lt10,83,42,0.00785315662650603,0.0058716527044513495,0.010002119753086429,0.7181085680103086,0.0,0.9915662650602409,0.008299934782608704,0.0,0.007297702702702709,0.004396138888888892,0.010188359302325587,0.8637350399236716,False,False,Highest daily view count this week,Entertainment
KXYTVIEWSW,0.95,buy_no_all,183,68,-0.0822764863387978,-0.12284141497950454,-0.04753786643258432,1.0,1.0,0.7133879781420766,-0.02984050537634409,1.0,-0.13646033333333335,-0.20651064073863637,-0.07790012362234586,1.0,False,False,Highest daily view count this week,Entertainment
KXYTVIEWSW,0.95,buy_yes_all,183,68,-0.08018590163934426,-0.1274514267789761,-0.042642755266393516,1.0,1.0,0.4438251366120218,-0.0325485376344086,1.0,-0.12941117777777775,-0.2139287696022727,-0.05860796128762553,1.0,False,False,Highest daily view count this week,Entertainment
KXYTVIEWSW,0.95,longshot_no_lt10,95,48,0.0015679368421052645,0.000800602150537635,0.002379412222222224,0.9274466258676278,0.0,0.9983157894736843,0.0015011290322580657,0.0,0.0016934545454545468,0.0002737352941176473,0.003561029411764709,0.9683100812323825,False,False,Highest daily view count this week,Entertainment
KXYTVIEWSW,0.95,favorite_yes_gt90,40,29,0.005124450000000004,0.0025494885795454567,0.008215820623249305,0.8615767607839654,0.0,0.9945,0.0026631428571428596,0.03666666666666667,0.007844842105263164,0.003807711363636367,0.01354525106837606,0.9098192758896718,False,False,Highest daily view count this week,Entertainment
